SELECT * FROM FACULTADES;
INSERT INTO FACULTADES (ID_FACULTAD, NOMBRE_FACULTAD) VALUES ('FEG', 'Estudios Generales');
INSERT INTO FACULTADES (ID_FACULTAD, NOMBRE_FACULTAD) VALUES ('FA', 'Arquitectura');
INSERT INTO FACULTADES (ID_FACULTAD, NOMBRE_FACULTAD) VALUES ('FCEE', 'Ciencias Empresariales y Económicas');
INSERT INTO FACULTADES (ID_FACULTAD, NOMBRE_FACULTAD) VALUES ('FC', 'Comunicación');
INSERT INTO FACULTADES (ID_FACULTAD, NOMBRE_FACULTAD) VALUES ('FD', 'Derecho');
INSERT INTO FACULTADES (ID_FACULTAD, NOMBRE_FACULTAD) VALUES ('FI', 'Ingeniería');
INSERT INTO FACULTADES (ID_FACULTAD, NOMBRE_FACULTAD) VALUES ('FP', 'Psicología');

SELECT * FROM CARRERAS;
DESCRIBE CARRERAS;
INSERT INTO CARRERAS (ID_CARRERA, NOMBRE_CARRERA, ID_FACULTAD, ID_PLAN_ESTUDIOS) VALUES (1, 'Arquitectura', 'FA', 'PLARQ');
INSERT INTO CARRERAS (ID_CARRERA, NOMBRE_CARRERA, ID_FACULTAD, ID_PLAN_ESTUDIOS) VALUES (2, 'Administración', 'FCEE', 'PLADM');
INSERT INTO CARRERAS (ID_CARRERA, NOMBRE_CARRERA, ID_FACULTAD, ID_PLAN_ESTUDIOS) VALUES (3, 'Contabilidad', 'FCEE', 'PLCON');
INSERT INTO CARRERAS (ID_CARRERA, NOMBRE_CARRERA, ID_FACULTAD, ID_PLAN_ESTUDIOS) VALUES (4, 'Economía', 'FCEE', 'PLECO');
INSERT INTO CARRERAS (ID_CARRERA, NOMBRE_CARRERA, ID_FACULTAD, ID_PLAN_ESTUDIOS) VALUES (5, 'Marketing', 'FCEE', 'PLMARK');
INSERT INTO CARRERAS (ID_CARRERA, NOMBRE_CARRERA, ID_FACULTAD, ID_PLAN_ESTUDIOS) VALUES (6, 'Negocios Internacionales', 'FCEE', 'PLNI');
INSERT INTO CARRERAS (ID_CARRERA, NOMBRE_CARRERA, ID_FACULTAD, ID_PLAN_ESTUDIOS) VALUES (7, 'Comunicación', 'FC', 'PLCOM');
INSERT INTO CARRERAS (ID_CARRERA, NOMBRE_CARRERA, ID_FACULTAD, ID_PLAN_ESTUDIOS) VALUES (8, 'Derecho', 'FD', 'PLDER');
INSERT INTO CARRERAS (ID_CARRERA, NOMBRE_CARRERA, ID_FACULTAD, ID_PLAN_ESTUDIOS) VALUES (9, 'Ingeniería Civil', 'FI', 'PLIC');
INSERT INTO CARRERAS (ID_CARRERA, NOMBRE_CARRERA, ID_FACULTAD, ID_PLAN_ESTUDIOS) VALUES (10, 'Ingeniería Industrial', 'FI', 'PLII');
INSERT INTO CARRERAS (ID_CARRERA, NOMBRE_CARRERA, ID_FACULTAD, ID_PLAN_ESTUDIOS) VALUES (11, 'Ingeniería de Sistemas', 'FI', 'PLIS');
INSERT INTO CARRERAS (ID_CARRERA, NOMBRE_CARRERA, ID_FACULTAD, ID_PLAN_ESTUDIOS) VALUES (12, 'Psicología', 'FP', 'PLPSI');

SELECT * FROM PLAN_ESTUDIOS;
DESCRIBE PLAN_ESTUDIOS;
INSERT INTO PLAN_ESTUDIOS(ID_PLAN_ESTUDIOS, NOMBRE_PLAN_ESTUDIOS, ID_CARRERA) VALUES ('PLARQ', 'Plan de Estudios de Arquitectura', 1);
INSERT INTO PLAN_ESTUDIOS(ID_PLAN_ESTUDIOS, NOMBRE_PLAN_ESTUDIOS, ID_CARRERA) VALUES ('PLADM', 'Plan de Estudios de Administración', 2);
INSERT INTO PLAN_ESTUDIOS(ID_PLAN_ESTUDIOS, NOMBRE_PLAN_ESTUDIOS, ID_CARRERA) VALUES ('PLCON', 'Plan de Estudios de Contabilidad', 3);
INSERT INTO PLAN_ESTUDIOS(ID_PLAN_ESTUDIOS, NOMBRE_PLAN_ESTUDIOS, ID_CARRERA) VALUES ('PLECO', 'Plan de Estudios de Economía', 4);
INSERT INTO PLAN_ESTUDIOS(ID_PLAN_ESTUDIOS, NOMBRE_PLAN_ESTUDIOS, ID_CARRERA) VALUES ('PLMARK', 'Plan de Estudios de Marketing', 5);
INSERT INTO PLAN_ESTUDIOS(ID_PLAN_ESTUDIOS, NOMBRE_PLAN_ESTUDIOS, ID_CARRERA) VALUES ('PLNI', 'Plan de Estudios de Negocios Internacionales', 6);
INSERT INTO PLAN_ESTUDIOS(ID_PLAN_ESTUDIOS, NOMBRE_PLAN_ESTUDIOS, ID_CARRERA) VALUES ('PLCOM', 'Plan de Estudios de Comunicación', 7);
INSERT INTO PLAN_ESTUDIOS(ID_PLAN_ESTUDIOS, NOMBRE_PLAN_ESTUDIOS, ID_CARRERA) VALUES ('PLDER', 'Plan de Estudios de Derecho', 8);
INSERT INTO PLAN_ESTUDIOS(ID_PLAN_ESTUDIOS, NOMBRE_PLAN_ESTUDIOS, ID_CARRERA) VALUES ('PLIC', 'Plan de Estudios de Ingeniería Civíl', 9);
INSERT INTO PLAN_ESTUDIOS(ID_PLAN_ESTUDIOS, NOMBRE_PLAN_ESTUDIOS, ID_CARRERA) VALUES ('PLII', 'Plan de Estudios de Ingeniería Industrial', 10);
INSERT INTO PLAN_ESTUDIOS(ID_PLAN_ESTUDIOS, NOMBRE_PLAN_ESTUDIOS, ID_CARRERA) VALUES ('PLIS', 'Plan de Estudios de Ingeniería de Sistemas', 11);
INSERT INTO PLAN_ESTUDIOS(ID_PLAN_ESTUDIOS, NOMBRE_PLAN_ESTUDIOS, ID_CARRERA) VALUES ('PLPSI', 'Plan de Estudios de Psicología', 12);

SELECT * FROM NIVELES;
DESCRIBE NIVELES;
INSERT INTO NIVELES (ID_NIVEL, NOMBRE_NIVEL) VALUES(1, '1er Ciclo');
INSERT INTO NIVELES (ID_NIVEL, NOMBRE_NIVEL) VALUES(2, '2do Ciclo');
INSERT INTO NIVELES (ID_NIVEL, NOMBRE_NIVEL) VALUES(3, '3ero Ciclo');
INSERT INTO NIVELES (ID_NIVEL, NOMBRE_NIVEL) VALUES(4, '4to Ciclo');
INSERT INTO NIVELES (ID_NIVEL, NOMBRE_NIVEL) VALUES(5, '5to Ciclo');
INSERT INTO NIVELES (ID_NIVEL, NOMBRE_NIVEL) VALUES(6, '6to Ciclo');
INSERT INTO NIVELES (ID_NIVEL, NOMBRE_NIVEL) VALUES(7, '7mo Ciclo');
INSERT INTO NIVELES (ID_NIVEL, NOMBRE_NIVEL) VALUES(8, '8vo Ciclo');
INSERT INTO NIVELES (ID_NIVEL, NOMBRE_NIVEL) VALUES(9, '9no Ciclo');
INSERT INTO NIVELES (ID_NIVEL, NOMBRE_NIVEL) VALUES(10, '10mo Ciclo');

SELECT * FROM CARACTER;
DESCRIBE CARACTER;
INSERT INTO CARACTER (ID_CARACTER, NOMBRE_CARACTER) VALUES('O', 'Obligatorio');
INSERT INTO CARACTER (ID_CARACTER, NOMBRE_CARACTER) VALUES('E', 'Electivo');

SELECT * FROM CURSOS;
INSERT INTO CURSOS (COD_CURSO, NOMBRE_CURSO,CREDITOS,ID_PLAN_ESTUDIOS,COD_CURSO1,COD_CURSO2,ID_CARACTER,ID_NIVEL) VALUES (6506, 'LENGUAJE Y COMUNICACIÓN I',5,'PLIS',NULL,NULL,'O',1);
INSERT INTO CURSOS (COD_CURSO, NOMBRE_CURSO,CREDITOS,ID_PLAN_ESTUDIOS,COD_CURSO1,COD_CURSO2,ID_CARACTER,ID_NIVEL) VALUES (6505, 'DESARROLLO PERSONAL Y SOCIAL',3,'PLIS',NULL,NULL,'O',1);
INSERT INTO CURSOS (COD_CURSO, NOMBRE_CURSO,CREDITOS,ID_PLAN_ESTUDIOS,COD_CURSO1,COD_CURSO2,ID_CARACTER,ID_NIVEL) VALUES (6507, 'GLOBALIZACIÓN Y REALIDAD NACIÓNAL',3,'PLIS',NULL,NULL,'O',1);
INSERT INTO CURSOS (COD_CURSO, NOMBRE_CURSO,CREDITOS,ID_PLAN_ESTUDIOS,COD_CURSO1,COD_CURSO2,ID_CARACTER,ID_NIVEL) VALUES (6508, 'METODOLOGÍAS DE INVESTIGACIÓN',3,'PLIS',NULL,NULL,'O',1);
INSERT INTO CURSOS (COD_CURSO, NOMBRE_CURSO,CREDITOS,ID_PLAN_ESTUDIOS,COD_CURSO1,COD_CURSO2,ID_CARACTER,ID_NIVEL) VALUES (6382, 'MATEMÁTICA BÁSICA',5,'PLIS',NULL,NULL,'O',1);
INSERT INTO CURSOS (COD_CURSO, NOMBRE_CURSO,CREDITOS,ID_PLAN_ESTUDIOS,COD_CURSO1,COD_CURSO2,ID_CARACTER,ID_NIVEL) VALUES (510002, 'ÉTICA CIVICA',1,'PLIS',NULL,NULL,'O',1);
INSERT INTO CURSOS (COD_CURSO, NOMBRE_CURSO,CREDITOS,ID_PLAN_ESTUDIOS,COD_CURSO1,COD_CURSO2,ID_CARACTER,ID_NIVEL) VALUES (6511, 'LENGUAJE Y COMUNICACIÓN II',3,'PLIS',6506,NULL,'O',2);
INSERT INTO CURSOS (COD_CURSO, NOMBRE_CURSO,CREDITOS,ID_PLAN_ESTUDIOS,COD_CURSO1,COD_CURSO2,ID_CARACTER,ID_NIVEL) VALUES (6512, 'PROCESOS SOCIALES Y POLÍTICOS',3,'PLIS',NULL,NULL,'O',2);
INSERT INTO CURSOS (COD_CURSO, NOMBRE_CURSO,CREDITOS,ID_PLAN_ESTUDIOS,COD_CURSO1,COD_CURSO2,ID_CARACTER,ID_NIVEL) VALUES (6513, 'TEMAS DE FILOSOFÍA',3,'PLIS',NULL,NULL,'O',2);
INSERT INTO CURSOS (COD_CURSO, NOMBRE_CURSO,CREDITOS,ID_PLAN_ESTUDIOS,COD_CURSO1,COD_CURSO2,ID_CARACTER,ID_NIVEL) VALUES (6510, 'ECONOMÍA Y EMPRESA',3,'PLIS',NULL,NULL,'O',2);
INSERT INTO CURSOS (COD_CURSO, NOMBRE_CURSO,CREDITOS,ID_PLAN_ESTUDIOS,COD_CURSO1,COD_CURSO2,ID_CARACTER,ID_NIVEL) VALUES (6384, 'ÁLGEBRA LINEAL',3,'PLIS',6382,NULL,'O',2);
INSERT INTO CURSOS (COD_CURSO, NOMBRE_CURSO,CREDITOS,ID_PLAN_ESTUDIOS,COD_CURSO1,COD_CURSO2,ID_CARACTER,ID_NIVEL) VALUES (6503, 'CÁLCULO I',5,'PLIS',6382,NULL,'O',2);
INSERT INTO CURSOS (COD_CURSO, NOMBRE_CURSO,CREDITOS,ID_PLAN_ESTUDIOS,COD_CURSO1,COD_CURSO2,ID_CARACTER,ID_NIVEL) VALUES (1459, 'CÁLCULO II',4,'PLIS',6503,6384,'O',3);
INSERT INTO CURSOS (COD_CURSO, NOMBRE_CURSO,CREDITOS,ID_PLAN_ESTUDIOS,COD_CURSO1,COD_CURSO2,ID_CARACTER,ID_NIVEL) VALUES (1472, 'FÍSICA I',4,'PLIS',6503,NULL,'O',3);
INSERT INTO CURSOS (COD_CURSO, NOMBRE_CURSO,CREDITOS,ID_PLAN_ESTUDIOS,COD_CURSO1,COD_CURSO2,ID_CARACTER,ID_NIVEL) VALUES (650001, 'INFORMÁTICA PARA LA GESTIÓN',3,'PLIS',NULL,NULL,'O',3);
INSERT INTO CURSOS (COD_CURSO, NOMBRE_CURSO,CREDITOS,ID_PLAN_ESTUDIOS,COD_CURSO1,COD_CURSO2,ID_CARACTER,ID_NIVEL) VALUES (650002, 'INTRODUCCIÓN A LA PROGRAMACIÓN',3,'PLIS',6384,NULL,'O',3);
INSERT INTO CURSOS (COD_CURSO, NOMBRE_CURSO,CREDITOS,ID_PLAN_ESTUDIOS,COD_CURSO1,COD_CURSO2,ID_CARACTER,ID_NIVEL) VALUES (5686, 'FUNDAMENTOS DE INGENIERÍA DE SISTEMAS',2,'PLIS',NULL,NULL,'O',3);
INSERT INTO CURSOS (COD_CURSO, NOMBRE_CURSO,CREDITOS,ID_PLAN_ESTUDIOS,COD_CURSO1,COD_CURSO2,ID_CARACTER,ID_NIVEL) VALUES (650003, 'ESTRUCTURAS DISCRETAS DE COMPUTACIÓN',2,'PLIS',NULL,NULL,'O',3);
INSERT INTO CURSOS (COD_CURSO, NOMBRE_CURSO,CREDITOS,ID_PLAN_ESTUDIOS,COD_CURSO1,COD_CURSO2,ID_CARACTER,ID_NIVEL) VALUES (650004, 'ARQUITECTURA DE COMPUTADORAS',3,'PLIS',NULL,NULL,'O',3);
INSERT INTO CURSOS (COD_CURSO, NOMBRE_CURSO,CREDITOS,ID_PLAN_ESTUDIOS,COD_CURSO1,COD_CURSO2,ID_CARACTER,ID_NIVEL) VALUES (1460, 'CÁLCULO III',4,'PLIS',1459,NULL,'O',4);
INSERT INTO CURSOS (COD_CURSO, NOMBRE_CURSO,CREDITOS,ID_PLAN_ESTUDIOS,COD_CURSO1,COD_CURSO2,ID_CARACTER,ID_NIVEL) VALUES (560020, 'ESTADÍSTICA Y PROBABILIDAD',3,'PLIS',6503,NULL,'O',4);
INSERT INTO CURSOS (COD_CURSO, NOMBRE_CURSO,CREDITOS,ID_PLAN_ESTUDIOS,COD_CURSO1,COD_CURSO2,ID_CARACTER,ID_NIVEL) VALUES (5644, 'ORGANIZACIÓN DE EMPRESAS / BUSINESS ORGANIZATION',3,'PLIS',6510,NULL,'O',4);
INSERT INTO CURSOS (COD_CURSO, NOMBRE_CURSO,CREDITOS,ID_PLAN_ESTUDIOS,COD_CURSO1,COD_CURSO2,ID_CARACTER,ID_NIVEL) VALUES (4380, 'GESTIÓN CONTABLE',2,'PLIS',650001,NULL,'O',4);
INSERT INTO CURSOS (COD_CURSO, NOMBRE_CURSO,CREDITOS,ID_PLAN_ESTUDIOS,COD_CURSO1,COD_CURSO2,ID_CARACTER,ID_NIVEL) VALUES (650005, 'PROGRAMACIÓN ORIENTADA A OBJETOS',3,'PLIS',650002,650003,'O',4);
INSERT INTO CURSOS (COD_CURSO, NOMBRE_CURSO,CREDITOS,ID_PLAN_ESTUDIOS,COD_CURSO1,COD_CURSO2,ID_CARACTER,ID_NIVEL) VALUES (650006, 'SISTEMAS OPERATIVOS',4,'PLIS',650004,NULL,'O',4);
INSERT INTO CURSOS (COD_CURSO, NOMBRE_CURSO,CREDITOS,ID_PLAN_ESTUDIOS,COD_CURSO1,COD_CURSO2,ID_CARACTER,ID_NIVEL) VALUES (650007, 'FUNDAMENTOS DE ELECTRICIDAD Y ELECTRÓNICA',3,'PLIS',1472,NULL,'O',4);
INSERT INTO CURSOS (COD_CURSO, NOMBRE_CURSO,CREDITOS,ID_PLAN_ESTUDIOS,COD_CURSO1,COD_CURSO2,ID_CARACTER,ID_NIVEL) VALUES (650052, 'ESTADÍSTICA APLICADA',3,'PLIS',560020,650001,'O',5);
INSERT INTO CURSOS (COD_CURSO, NOMBRE_CURSO,CREDITOS,ID_PLAN_ESTUDIOS,COD_CURSO1,COD_CURSO2,ID_CARACTER,ID_NIVEL) VALUES (5623, 'COSTEO DE OPERACIÓNES',2,'PLIS',4380,NULL,'O',5);
INSERT INTO CURSOS (COD_CURSO, NOMBRE_CURSO,CREDITOS,ID_PLAN_ESTUDIOS,COD_CURSO1,COD_CURSO2,ID_CARACTER,ID_NIVEL) VALUES (650008, 'MODELACIÓN E INTEGRACIÓN DE SISTEMAS',3,'PLIS',5686,NULL,'O',5);
INSERT INTO CURSOS (COD_CURSO, NOMBRE_CURSO,CREDITOS,ID_PLAN_ESTUDIOS,COD_CURSO1,COD_CURSO2,ID_CARACTER,ID_NIVEL) VALUES (1492, 'ESTRUCTURAS DE DATOS Y ALGORITMOS',3,'PLIS',650005,NULL,'O',5);
INSERT INTO CURSOS (COD_CURSO, NOMBRE_CURSO,CREDITOS,ID_PLAN_ESTUDIOS,COD_CURSO1,COD_CURSO2,ID_CARACTER,ID_NIVEL) VALUES (650009, 'DESARROLLO DE COMPETENCIAS GERENCIALES',3,'PLIS',5686,NULL,'O',5);
INSERT INTO CURSOS (COD_CURSO, NOMBRE_CURSO,CREDITOS,ID_PLAN_ESTUDIOS,COD_CURSO1,COD_CURSO2,ID_CARACTER,ID_NIVEL) VALUES (650010, 'INGENIERÍA DE PROCESOS DE NEGOCIO',3,'PLIS',5644,NULL,'O',5);
INSERT INTO CURSOS (COD_CURSO, NOMBRE_CURSO,CREDITOS,ID_PLAN_ESTUDIOS,COD_CURSO1,COD_CURSO2,ID_CARACTER,ID_NIVEL) VALUES (1419, 'COMUNICACIÓN DE DATOS',3,'PLIS',650006,650007,'O',5);
INSERT INTO CURSOS (COD_CURSO, NOMBRE_CURSO,CREDITOS,ID_PLAN_ESTUDIOS,COD_CURSO1,COD_CURSO2,ID_CARACTER,ID_NIVEL) VALUES (650011, 'INTERACCIÓN HUMANO COMPUTADORA / HUMAN COMPUTER INTERACTION',3,'PLIS',650005,NULL,'E',5);
INSERT INTO CURSOS (COD_CURSO, NOMBRE_CURSO,CREDITOS,ID_PLAN_ESTUDIOS,COD_CURSO1,COD_CURSO2,ID_CARACTER,ID_NIVEL) VALUES (650012, 'INTERNET DE LAS COSAS / INTERNET OF THINGS',3,'PLIS',650007,NULL,'E',5);
INSERT INTO CURSOS (COD_CURSO, NOMBRE_CURSO,CREDITOS,ID_PLAN_ESTUDIOS,COD_CURSO1,COD_CURSO2,ID_CARACTER,ID_NIVEL) VALUES (1506, 'INVESTIGACIÓN DE OPERACIONES I',3,'PLIS',1460,650052,'O',6);
INSERT INTO CURSOS (COD_CURSO, NOMBRE_CURSO,CREDITOS,ID_PLAN_ESTUDIOS,COD_CURSO1,COD_CURSO2,ID_CARACTER,ID_NIVEL) VALUES (650013, 'LEGISLACIÓN Y ETICA',3,'PLIS',650009,NULL,'O',6);
INSERT INTO CURSOS (COD_CURSO, NOMBRE_CURSO,CREDITOS,ID_PLAN_ESTUDIOS,COD_CURSO1,COD_CURSO2,ID_CARACTER,ID_NIVEL) VALUES (1420, 'INGENIERÍA DE DATOS',4,'PLIS',650010,1492,'O',6);
INSERT INTO CURSOS (COD_CURSO, NOMBRE_CURSO,CREDITOS,ID_PLAN_ESTUDIOS,COD_CURSO1,COD_CURSO2,ID_CARACTER,ID_NIVEL) VALUES (650014, 'LENGUAJES DE PROGRAMACIÓN',3,'PLIS',1492,NULL,'O',6);
INSERT INTO CURSOS (COD_CURSO, NOMBRE_CURSO,CREDITOS,ID_PLAN_ESTUDIOS,COD_CURSO1,COD_CURSO2,ID_CARACTER,ID_NIVEL) VALUES (650015, 'REDES DE COMPUTADORAS',4,'PLIS',1419,NULL,'O',6);
INSERT INTO CURSOS (COD_CURSO, NOMBRE_CURSO,CREDITOS,ID_PLAN_ESTUDIOS,COD_CURSO1,COD_CURSO2,ID_CARACTER,ID_NIVEL) VALUES (650016, 'GESTIÓN FINANCIERA',3,'PLIS',5623,NULL,'O',6);
INSERT INTO CURSOS (COD_CURSO, NOMBRE_CURSO,CREDITOS,ID_PLAN_ESTUDIOS,COD_CURSO1,COD_CURSO2,ID_CARACTER,ID_NIVEL) VALUES (650017, 'TALLER DE EMPRENDIMIENTO TECNOLÓGICO / STARTUP WORKSHOP',3,'PLIS',5623,NULL,'E',6);
INSERT INTO CURSOS (COD_CURSO, NOMBRE_CURSO,CREDITOS,ID_PLAN_ESTUDIOS,COD_CURSO1,COD_CURSO2,ID_CARACTER,ID_NIVEL) VALUES (650018, 'SIMULACIÓN',3,'PLIS',1506,650008,'O',7);
INSERT INTO CURSOS (COD_CURSO, NOMBRE_CURSO,CREDITOS,ID_PLAN_ESTUDIOS,COD_CURSO1,COD_CURSO2,ID_CARACTER,ID_NIVEL) VALUES (650019, 'GESTIÓN DE OPERACIONES',3,'PLIS',650016,NULL,'O',7);
INSERT INTO CURSOS (COD_CURSO, NOMBRE_CURSO,CREDITOS,ID_PLAN_ESTUDIOS,COD_CURSO1,COD_CURSO2,ID_CARACTER,ID_NIVEL) VALUES (650020, 'EVALUACIÓN DE PROYECTOS DE SISTEMAS',3,'PLIS',650016,650013,'O',7);
INSERT INTO CURSOS (COD_CURSO, NOMBRE_CURSO,CREDITOS,ID_PLAN_ESTUDIOS,COD_CURSO1,COD_CURSO2,ID_CARACTER,ID_NIVEL) VALUES (1523, 'SISTEMAS DE INTELIGENCIA EMPRESARIAL',3,'PLIS',1420,NULL,'O',7);
INSERT INTO CURSOS (COD_CURSO, NOMBRE_CURSO,CREDITOS,ID_PLAN_ESTUDIOS,COD_CURSO1,COD_CURSO2,ID_CARACTER,ID_NIVEL) VALUES (650021, 'INGENIERÍA DE SOFTWARE I',3,'PLIS',1420,650014,'O',7);
INSERT INTO CURSOS (COD_CURSO, NOMBRE_CURSO,CREDITOS,ID_PLAN_ESTUDIOS,COD_CURSO1,COD_CURSO2,ID_CARACTER,ID_NIVEL) VALUES (650022, 'PROGRAMACIÓN WEB',3,'PLIS',650014,NULL,'O',7);
INSERT INTO CURSOS (COD_CURSO, NOMBRE_CURSO,CREDITOS,ID_PLAN_ESTUDIOS,COD_CURSO1,COD_CURSO2,ID_CARACTER,ID_NIVEL) VALUES (650023, 'ADMINISTRACIÓN DE BASE DE DATOS',4,'PLIS',1420,NULL,'E',7);
INSERT INTO CURSOS (COD_CURSO, NOMBRE_CURSO,CREDITOS,ID_PLAN_ESTUDIOS,COD_CURSO1,COD_CURSO2,ID_CARACTER,ID_NIVEL) VALUES (650024, 'SEMINARIO DE REDES',4,'PLIS',650015,NULL,'E',7);
INSERT INTO CURSOS (COD_CURSO, NOMBRE_CURSO,CREDITOS,ID_PLAN_ESTUDIOS,COD_CURSO1,COD_CURSO2,ID_CARACTER,ID_NIVEL) VALUES (650025, 'COMPUTACIÓN EN LA NUBE / CLOUD COMPUTING',3,'PLIS',1419,NULL,'E',7);
INSERT INTO CURSOS (COD_CURSO, NOMBRE_CURSO,CREDITOS,ID_PLAN_ESTUDIOS,COD_CURSO1,COD_CURSO2,ID_CARACTER,ID_NIVEL) VALUES (650026, 'MARKETING DIGITAL',3,'PLIS',1523,NULL,'O',8);
INSERT INTO CURSOS (COD_CURSO, NOMBRE_CURSO,CREDITOS,ID_PLAN_ESTUDIOS,COD_CURSO1,COD_CURSO2,ID_CARACTER,ID_NIVEL) VALUES (650027, 'GESTIÓN DE RIESGOS',3,'PLIS',650016,NULL,'O',8);
INSERT INTO CURSOS (COD_CURSO, NOMBRE_CURSO,CREDITOS,ID_PLAN_ESTUDIOS,COD_CURSO1,COD_CURSO2,ID_CARACTER,ID_NIVEL) VALUES (650028, 'SISTEMAS ERP',3,'PLIS',650019,NULL,'O',8);
INSERT INTO CURSOS (COD_CURSO, NOMBRE_CURSO,CREDITOS,ID_PLAN_ESTUDIOS,COD_CURSO1,COD_CURSO2,ID_CARACTER,ID_NIVEL) VALUES (1327, 'INGENIERÍA DE SOFTWARE II',4,'PLIS',650021,NULL,'O',8);
INSERT INTO CURSOS (COD_CURSO, NOMBRE_CURSO,CREDITOS,ID_PLAN_ESTUDIOS,COD_CURSO1,COD_CURSO2,ID_CARACTER,ID_NIVEL) VALUES (650029, 'TALLER DE PROPUESTA DE INVESTIGACIÓN',3,'PLIS',650020,NULL,'O',8);
INSERT INTO CURSOS (COD_CURSO, NOMBRE_CURSO,CREDITOS,ID_PLAN_ESTUDIOS,COD_CURSO1,COD_CURSO2,ID_CARACTER,ID_NIVEL) VALUES (650030, 'PROGRAMACIÓN MÓVIL',3,'PLIS',650022,NULL,'E',8);
INSERT INTO CURSOS (COD_CURSO, NOMBRE_CURSO,CREDITOS,ID_PLAN_ESTUDIOS,COD_CURSO1,COD_CURSO2,ID_CARACTER,ID_NIVEL) VALUES (650031, 'APRENDIZAJE DE MÁQUINA / MACHINE LEARNING',3,'PLIS',650021,NULL,'E',8);
INSERT INTO CURSOS (COD_CURSO, NOMBRE_CURSO,CREDITOS,ID_PLAN_ESTUDIOS,COD_CURSO1,COD_CURSO2,ID_CARACTER,ID_NIVEL) VALUES (1524, 'SISTEMAS DE SOPORTE DE DECISIONES',3,'PLIS',650018,NULL,'E',8);
INSERT INTO CURSOS (COD_CURSO, NOMBRE_CURSO,CREDITOS,ID_PLAN_ESTUDIOS,COD_CURSO1,COD_CURSO2,ID_CARACTER,ID_NIVEL) VALUES (650032, 'ARQUITECTURA DEL DATA CENTER',4,'PLIS',650015,NULL,'E',8);
INSERT INTO CURSOS (COD_CURSO, NOMBRE_CURSO,CREDITOS,ID_PLAN_ESTUDIOS,COD_CURSO1,COD_CURSO2,ID_CARACTER,ID_NIVEL) VALUES (650033, 'PLANEAMIENTO ESTRATÉGICO',3,'PLIS',650019,NULL,'O',9);
INSERT INTO CURSOS (COD_CURSO, NOMBRE_CURSO,CREDITOS,ID_PLAN_ESTUDIOS,COD_CURSO1,COD_CURSO2,ID_CARACTER,ID_NIVEL) VALUES (5674, 'GESTIÓN DE PROYECTOS',3,'PLIS',650020,NULL,'O',9);
INSERT INTO CURSOS (COD_CURSO, NOMBRE_CURSO,CREDITOS,ID_PLAN_ESTUDIOS,COD_CURSO1,COD_CURSO2,ID_CARACTER,ID_NIVEL) VALUES (650035, 'SEMINARIO DE INVESTIGACIÓN I',4,'PLIS',650029,NULL,'O',9);
INSERT INTO CURSOS (COD_CURSO, NOMBRE_CURSO,CREDITOS,ID_PLAN_ESTUDIOS,COD_CURSO1,COD_CURSO2,ID_CARACTER,ID_NIVEL) VALUES (1433, 'GESTIÓN DE SERVICIOS DE TECNOLOGÍAS DE LA INFORMACIÓN',3,'PLIS',650019,NULL,'O',9);
INSERT INTO CURSOS (COD_CURSO, NOMBRE_CURSO,CREDITOS,ID_PLAN_ESTUDIOS,COD_CURSO1,COD_CURSO2,ID_CARACTER,ID_NIVEL) VALUES (650036, 'ANALITICA PREDICTIVA DE DATOS',3,'PLIS',1523,NULL,'O',9);
INSERT INTO CURSOS (COD_CURSO, NOMBRE_CURSO,CREDITOS,ID_PLAN_ESTUDIOS,COD_CURSO1,COD_CURSO2,ID_CARACTER,ID_NIVEL) VALUES (650037, 'ASEGURAMIENTO DE LA CALIDAD',3,'PLIS',650021,NULL,'E',9);
INSERT INTO CURSOS (COD_CURSO, NOMBRE_CURSO,CREDITOS,ID_PLAN_ESTUDIOS,COD_CURSO1,COD_CURSO2,ID_CARACTER,ID_NIVEL) VALUES (650038, 'SISTEMAS AVANZADOS DE INFORMACIÓN',3,'PLIS',650028,NULL,'E',9);
INSERT INTO CURSOS (COD_CURSO, NOMBRE_CURSO,CREDITOS,ID_PLAN_ESTUDIOS,COD_CURSO1,COD_CURSO2,ID_CARACTER,ID_NIVEL) VALUES (650048, 'ARQUITECTURA DE TECNOLOGÍAS DE LA INFORMACIÓN',4,'PLIS',650015,NULL,'E',9);
INSERT INTO CURSOS (COD_CURSO, NOMBRE_CURSO,CREDITOS,ID_PLAN_ESTUDIOS,COD_CURSO1,COD_CURSO2,ID_CARACTER,ID_NIVEL) VALUES (650040, 'SEMINARIO DE INVESTIGACIÓN II',4,'PLIS',650035,NULL,'O',10);
INSERT INTO CURSOS (COD_CURSO, NOMBRE_CURSO,CREDITOS,ID_PLAN_ESTUDIOS,COD_CURSO1,COD_CURSO2,ID_CARACTER,ID_NIVEL) VALUES (650041, 'SEGURIDAD DE SISTEMAS DE TECNOLOGÍAS DE INFORMACIÓN',3,'PLIS',650027,NULL,'O',10);
INSERT INTO CURSOS (COD_CURSO, NOMBRE_CURSO,CREDITOS,ID_PLAN_ESTUDIOS,COD_CURSO1,COD_CURSO2,ID_CARACTER,ID_NIVEL) VALUES (650042, 'AUDITORIA Y CONTROL DE SISTEMAS',3,'PLIS',650027,NULL,'O',10);
INSERT INTO CURSOS (COD_CURSO, NOMBRE_CURSO,CREDITOS,ID_PLAN_ESTUDIOS,COD_CURSO1,COD_CURSO2,ID_CARACTER,ID_NIVEL) VALUES (5679, 'GESTIÓN DEL CAPITAL HUMANO',3,'PLIS',650033,NULL,'E',10);
INSERT INTO CURSOS (COD_CURSO, NOMBRE_CURSO,CREDITOS,ID_PLAN_ESTUDIOS,COD_CURSO1,COD_CURSO2,ID_CARACTER,ID_NIVEL) VALUES (650049, 'ARQUITECTURA DE SOFTWARE',4,'PLIS',1327,NULL,'E',10);
INSERT INTO CURSOS (COD_CURSO, NOMBRE_CURSO,CREDITOS,ID_PLAN_ESTUDIOS,COD_CURSO1,COD_CURSO2,ID_CARACTER,ID_NIVEL) VALUES (650050, 'ARQUITECTURA EMPRESARIAL',4,'PLIS',650033,NULL,'E',10);
INSERT INTO CURSOS (COD_CURSO, NOMBRE_CURSO,CREDITOS,ID_PLAN_ESTUDIOS,COD_CURSO1,COD_CURSO2,ID_CARACTER,ID_NIVEL) VALUES (650044, 'ANALÍTICA CON BIG DATA',3,'PLIS',650036,NULL,'E',10);
INSERT INTO CURSOS (COD_CURSO, NOMBRE_CURSO,CREDITOS,ID_PLAN_ESTUDIOS,COD_CURSO1,COD_CURSO2,ID_CARACTER,ID_NIVEL) VALUES (650047, 'CIBERSEGURIDAD / CYBERSECURITY',3,'PLIS',1433,NULL,'E',10);
INSERT INTO CURSOS (COD_CURSO, NOMBRE_CURSO,CREDITOS,ID_PLAN_ESTUDIOS,COD_CURSO1,COD_CURSO2,ID_CARACTER,ID_NIVEL) VALUES (650051, 'PROGRAMACIÓN DE VIDEOJUEGOS',5,'PLIS',1327,NULL,'E',10);

SELECT * FROM PROFESORES;
INSERT INTO PROFESORES(COD_PROFESOR, NOMBRE_PROFESOR) VALUES (1000001, 'Pavel Demian Aliaga Espinoza');
INSERT INTO PROFESORES(COD_PROFESOR, NOMBRE_PROFESOR) VALUES (1000002, 'José Luis Alvarado Rodríguez');
INSERT INTO PROFESORES(COD_PROFESOR, NOMBRE_PROFESOR) VALUES (1000003, 'Miriam Elizabeth Amable Ciudad');
INSERT INTO PROFESORES(COD_PROFESOR, NOMBRE_PROFESOR) VALUES (1000004, 'Sandra Patricia Arévalo Flores');
INSERT INTO PROFESORES(COD_PROFESOR, NOMBRE_PROFESOR) VALUES (1000005, 'Hans André Auer Ramos');
INSERT INTO PROFESORES(COD_PROFESOR, NOMBRE_PROFESOR) VALUES (1000006, 'Emma Virginia Barreno Vereau');
INSERT INTO PROFESORES(COD_PROFESOR, NOMBRE_PROFESOR) VALUES (1000007, 'Carla Estela Gómez Morón');
INSERT INTO PROFESORES(COD_PROFESOR, NOMBRE_PROFESOR) VALUES (1000008, 'Augusto Ernesto Bernuy Alva');
INSERT INTO PROFESORES(COD_PROFESOR, NOMBRE_PROFESOR) VALUES (1000009, 'Jorge Alberto Berrocal Pérez Albela');
INSERT INTO PROFESORES(COD_PROFESOR, NOMBRE_PROFESOR) VALUES (1000010, 'Giannina Faride Bibolotti Sabla');
INSERT INTO PROFESORES(COD_PROFESOR, NOMBRE_PROFESOR) VALUES (1000011, 'Noe Antonio Bilibio Noce');
INSERT INTO PROFESORES(COD_PROFESOR, NOMBRE_PROFESOR) VALUES (1000012, 'Manuel Anibal Borja Ruiz');
INSERT INTO PROFESORES(COD_PROFESOR, NOMBRE_PROFESOR) VALUES (1000013, 'Lisi Elena Bustamante Miranda');
INSERT INTO PROFESORES(COD_PROFESOR, NOMBRE_PROFESOR) VALUES (1000014, 'Martha Medalit Campos Villegas');
INSERT INTO PROFESORES(COD_PROFESOR, NOMBRE_PROFESOR) VALUES (1000015, 'Jesús Benjamín Cárdenas Sánchez Díaz');
INSERT INTO PROFESORES(COD_PROFESOR, NOMBRE_PROFESOR) VALUES (1000016, 'Carlos Humberto Castillo Crespo');
INSERT INTO PROFESORES(COD_PROFESOR, NOMBRE_PROFESOR) VALUES (1000017, 'Óscar Eduardo Castillo Ruiz');
INSERT INTO PROFESORES(COD_PROFESOR, NOMBRE_PROFESOR) VALUES (1000018, 'Silvia Rosa Castro Burgos');
INSERT INTO PROFESORES(COD_PROFESOR, NOMBRE_PROFESOR) VALUES (1000019, 'Luis Enrique Chávez Gurmendi');
INSERT INTO PROFESORES(COD_PROFESOR, NOMBRE_PROFESOR) VALUES (1000020, 'Rocío del Pilar Checa Fernández');
INSERT INTO PROFESORES(COD_PROFESOR, NOMBRE_PROFESOR) VALUES (1000021, 'Luis Benjamín Choy Alvíncula');
INSERT INTO PROFESORES(COD_PROFESOR, NOMBRE_PROFESOR) VALUES (1000022, 'Gustavo Cieza Vásquez');
INSERT INTO PROFESORES(COD_PROFESOR, NOMBRE_PROFESOR) VALUES (1000023, 'Jesús Alberto Cossa Cabanillas');
INSERT INTO PROFESORES(COD_PROFESOR, NOMBRE_PROFESOR) VALUES (1000024, 'Ronnie Del Mar Reátegui');
INSERT INTO PROFESORES(COD_PROFESOR, NOMBRE_PROFESOR) VALUES (1000025, 'José Francisco Espinoza Matos');
INSERT INTO PROFESORES(COD_PROFESOR, NOMBRE_PROFESOR) VALUES (1000026, 'Raúl Hernán Eyzaguirre Pérez');
INSERT INTO PROFESORES(COD_PROFESOR, NOMBRE_PROFESOR) VALUES (1000027, 'Gladys Hortencia García Vilcapoma');
INSERT INTO PROFESORES(COD_PROFESOR, NOMBRE_PROFESOR) VALUES (1000028, 'Julio César Guevera Injoque');
INSERT INTO PROFESORES(COD_PROFESOR, NOMBRE_PROFESOR) VALUES (1000029, 'Rosario Marybel Guzmán Jimenez');
INSERT INTO PROFESORES(COD_PROFESOR, NOMBRE_PROFESOR) VALUES (1000030, 'Harold Armando Ilave Velasco');
INSERT INTO PROFESORES(COD_PROFESOR, NOMBRE_PROFESOR) VALUES (1000031, 'Jorge Luis Irey Nuñez');
INSERT INTO PROFESORES(COD_PROFESOR, NOMBRE_PROFESOR) VALUES (1000032, 'Angélica Kamiyama Murakami');
INSERT INTO PROFESORES(COD_PROFESOR, NOMBRE_PROFESOR) VALUES (1000033, 'Américo Crescencio León Marquez');
INSERT INTO PROFESORES(COD_PROFESOR, NOMBRE_PROFESOR) VALUES (1000034, 'Daniel Juan Llama Montoya');
INSERT INTO PROFESORES(COD_PROFESOR, NOMBRE_PROFESOR) VALUES (1000035, 'Jorge Enrique Loayza Juárez');
INSERT INTO PROFESORES(COD_PROFESOR, NOMBRE_PROFESOR) VALUES (1000036, 'Carlos López De Castilla Vásquez');
INSERT INTO PROFESORES(COD_PROFESOR, NOMBRE_PROFESOR) VALUES (1000037, 'Heiner Ricardo López Sandoval');
INSERT INTO PROFESORES(COD_PROFESOR, NOMBRE_PROFESOR) VALUES (1000038, 'Guillermo Mamani Apaza');
INSERT INTO PROFESORES(COD_PROFESOR, NOMBRE_PROFESOR) VALUES (1000039, 'Walter Edwin Marticorena Ramos');
INSERT INTO PROFESORES(COD_PROFESOR, NOMBRE_PROFESOR) VALUES (1000040, 'Walter Rolando Marzal Martínez');
INSERT INTO PROFESORES(COD_PROFESOR, NOMBRE_PROFESOR) VALUES (1000041, 'Rosa Bertha Millones Rivalles');
INSERT INTO PROFESORES(COD_PROFESOR, NOMBRE_PROFESOR) VALUES (1000042, 'Jorge Victor Miranda Pacheco');
INSERT INTO PROFESORES(COD_PROFESOR, NOMBRE_PROFESOR) VALUES (1000043, 'Máximo Concepción Mitacc Meza');
INSERT INTO PROFESORES(COD_PROFESOR, NOMBRE_PROFESOR) VALUES (1000044, 'Julio Francisco Ota Montalban');
INSERT INTO PROFESORES(COD_PROFESOR, NOMBRE_PROFESOR) VALUES (1000045, 'Julio Alejandro Padilla Solis');
INSERT INTO PROFESORES(COD_PROFESOR, NOMBRE_PROFESOR) VALUES (1000046, 'Edgardo Lemuel Palza Vargas');
INSERT INTO PROFESORES(COD_PROFESOR, NOMBRE_PROFESOR) VALUES (1000047, 'Luis Armando Raygada Vargas');
INSERT INTO PROFESORES(COD_PROFESOR, NOMBRE_PROFESOR) VALUES (1000048, 'Francisco Martín Riccio Chávez');
INSERT INTO PROFESORES(COD_PROFESOR, NOMBRE_PROFESOR) VALUES (1000049, 'Nadia Katherine Rodríguez Rodríguez');
INSERT INTO PROFESORES(COD_PROFESOR, NOMBRE_PROFESOR) VALUES (1000050, 'Nory del Rocío Rodríguez Vergara');
INSERT INTO PROFESORES(COD_PROFESOR, NOMBRE_PROFESOR) VALUES (1000051, 'George Edwin Romero Velazco');
INSERT INTO PROFESORES(COD_PROFESOR, NOMBRE_PROFESOR) VALUES (1000052, 'Ismenia Soledad Roncal Casanova');
INSERT INTO PROFESORES(COD_PROFESOR, NOMBRE_PROFESOR) VALUES (1000053, 'Marcos Fernando Ruiz Ruiz');
INSERT INTO PROFESORES(COD_PROFESOR, NOMBRE_PROFESOR) VALUES (1000054, 'Erich Arturo Saettone Olschewski');
INSERT INTO PROFESORES(COD_PROFESOR, NOMBRE_PROFESOR) VALUES (1000055, 'Juana Viviana Sánchez Tenorio');
INSERT INTO PROFESORES(COD_PROFESOR, NOMBRE_PROFESOR) VALUES (1000056, 'Reiner Absalon Solis Villanueva');
INSERT INTO PROFESORES(COD_PROFESOR, NOMBRE_PROFESOR) VALUES (1000057, 'Renzo Soriano Vergara');
INSERT INTO PROFESORES(COD_PROFESOR, NOMBRE_PROFESOR) VALUES (1000058, 'Elias Manuel Soto Zubieta');
INSERT INTO PROFESORES(COD_PROFESOR, NOMBRE_PROFESOR) VALUES (1000059, 'Rino Nicanor Sotomayor Ruiz');
INSERT INTO PROFESORES(COD_PROFESOR, NOMBRE_PROFESOR) VALUES (1000060, 'Enrique Manuel Tapia Paredes');
INSERT INTO PROFESORES(COD_PROFESOR, NOMBRE_PROFESOR) VALUES (1000061, 'Silvia Elisa Zaldivar Peña');
INSERT INTO PROFESORES(COD_PROFESOR, NOMBRE_PROFESOR) VALUES (1000062, 'Felix Ricardo Villanueva Santos');
INSERT INTO PROFESORES(COD_PROFESOR, NOMBRE_PROFESOR) VALUES (1000063, 'Guillermo Manuel Yrigoyen Quintanilla');
INSERT INTO PROFESORES(COD_PROFESOR, NOMBRE_PROFESOR) VALUES (1000064, 'Francisco Rolando Montero Cordova');
INSERT INTO PROFESORES(COD_PROFESOR, NOMBRE_PROFESOR) VALUES (1000065, 'Lennin Paul Quiroz Villalobos');
INSERT INTO PROFESORES(COD_PROFESOR, NOMBRE_PROFESOR) VALUES (1000066, 'Oscar Eduardo Castillo Ruiz');
INSERT INTO PROFESORES(COD_PROFESOR, NOMBRE_PROFESOR) VALUES (1000067, 'Henry Eustaquio Quintanilla Cárdenas');
INSERT INTO PROFESORES(COD_PROFESOR, NOMBRE_PROFESOR) VALUES (1000068, 'Carlos Martín Torres Paredes');
INSERT INTO PROFESORES(COD_PROFESOR, NOMBRE_PROFESOR) VALUES (1000069, 'Olga Zumarán Alayo');
INSERT INTO PROFESORES(COD_PROFESOR, NOMBRE_PROFESOR) VALUES (1000070, 'Pablo Alberto Rojas Jaén');
INSERT INTO PROFESORES(COD_PROFESOR, NOMBRE_PROFESOR) VALUES (1000071, 'Lourdes Ramírez Cerna');
INSERT INTO PROFESORES(COD_PROFESOR, NOMBRE_PROFESOR) VALUES (1000072, 'Manuel Fernando Montoya Ramírez');
INSERT INTO PROFESORES(COD_PROFESOR, NOMBRE_PROFESOR) VALUES (1000073, 'Edmundo Valdemar Arroyo Benites');
INSERT INTO PROFESORES(COD_PROFESOR, NOMBRE_PROFESOR) VALUES (1000074, 'Victor Manuel Sotelo Neyra');
INSERT INTO PROFESORES(COD_PROFESOR, NOMBRE_PROFESOR) VALUES (1000075, 'Juan Carlos Goñi Delion');
INSERT INTO PROFESORES(COD_PROFESOR, NOMBRE_PROFESOR) VALUES (1000076, 'Daniel Cárdenas Salas');
INSERT INTO PROFESORES(COD_PROFESOR, NOMBRE_PROFESOR) VALUES (1000077, 'Raúl Diaz Parra');
INSERT INTO PROFESORES(COD_PROFESOR, NOMBRE_PROFESOR) VALUES (1000078, 'Marko Antonio Lopez Bendezu');
INSERT INTO PROFESORES(COD_PROFESOR, NOMBRE_PROFESOR) VALUES (1000079, 'Mauricio Uriona ');
INSERT INTO PROFESORES(COD_PROFESOR, NOMBRE_PROFESOR) VALUES (1000080, 'Victor Hugo Arma Quirita');
INSERT INTO PROFESORES(COD_PROFESOR, NOMBRE_PROFESOR) VALUES (1000081, 'Hernan Nina Hanco');
INSERT INTO PROFESORES(COD_PROFESOR, NOMBRE_PROFESOR) VALUES (1000082, 'Caroline Vaz ');
INSERT INTO PROFESORES(COD_PROFESOR, NOMBRE_PROFESOR) VALUES (1000083, 'Edilberto Miguel Ávalos Ortecho');
INSERT INTO PROFESORES(COD_PROFESOR, NOMBRE_PROFESOR) VALUES (1000084, 'Alonso Tenorio Trigoso');
INSERT INTO PROFESORES(COD_PROFESOR, NOMBRE_PROFESOR) VALUES (1000085, 'José Antonio Taquía Gutiérrez');
INSERT INTO PROFESORES(COD_PROFESOR, NOMBRE_PROFESOR) VALUES (1000086, 'Edwin Jonathan Escobedo Cárdenas');
INSERT INTO PROFESORES(COD_PROFESOR, NOMBRE_PROFESOR) VALUES (1000087, 'Guillermo Antonio Dávila Calle');
INSERT INTO PROFESORES(COD_PROFESOR, NOMBRE_PROFESOR) VALUES (1000088, 'Hernan Alejandro Quintana Cruz');
INSERT INTO PROFESORES(COD_PROFESOR, NOMBRE_PROFESOR) VALUES (1000089, 'Billy Grados Licham');
INSERT INTO PROFESORES(COD_PROFESOR, NOMBRE_PROFESOR) VALUES (1000090, 'Fabricio Humberto Paredes Larroca');
INSERT INTO PROFESORES(COD_PROFESOR, NOMBRE_PROFESOR) VALUES (1000091, 'Israel Roger Montoya Matos');
INSERT INTO PROFESORES(COD_PROFESOR, NOMBRE_PROFESOR) VALUES (1000092, 'Edgardo Roberto Montero Sarmiento');
INSERT INTO PROFESORES(COD_PROFESOR, NOMBRE_PROFESOR) VALUES (1000093, 'Franci Suni Lopez');
INSERT INTO PROFESORES(COD_PROFESOR, NOMBRE_PROFESOR) VALUES (1000094, 'Ludwin Misael Leon Hilario');
INSERT INTO PROFESORES(COD_PROFESOR, NOMBRE_PROFESOR) VALUES (1000095, 'Jose Alfredo Herrera Quispe');
INSERT INTO PROFESORES(COD_PROFESOR, NOMBRE_PROFESOR) VALUES (1000096, 'Juan Manuel Gutierrez Cardenas');
INSERT INTO PROFESORES(COD_PROFESOR, NOMBRE_PROFESOR) VALUES (1000097, 'Alfredo Jose Galdo Jimenez');
INSERT INTO PROFESORES(COD_PROFESOR, NOMBRE_PROFESOR) VALUES (1000098, 'Jose Manuel Castillo Cara');

SELECT * FROM SECCION;
INSERT INTO SECCION(ID_SECCION) VALUES (100);
INSERT INTO SECCION(ID_SECCION) VALUES (101);
INSERT INTO SECCION(ID_SECCION) VALUES (102);
INSERT INTO SECCION(ID_SECCION) VALUES (103);
INSERT INTO SECCION(ID_SECCION) VALUES (104);
INSERT INTO SECCION(ID_SECCION) VALUES (105);
INSERT INTO SECCION(ID_SECCION) VALUES (106);
INSERT INTO SECCION(ID_SECCION) VALUES (107);
INSERT INTO SECCION(ID_SECCION) VALUES (108);
INSERT INTO SECCION(ID_SECCION) VALUES (109);
INSERT INTO SECCION(ID_SECCION) VALUES (110);
INSERT INTO SECCION(ID_SECCION) VALUES (111);
INSERT INTO SECCION(ID_SECCION) VALUES (112);
INSERT INTO SECCION(ID_SECCION) VALUES (113);
INSERT INTO SECCION(ID_SECCION) VALUES (114);
INSERT INTO SECCION(ID_SECCION) VALUES (115);
INSERT INTO SECCION(ID_SECCION) VALUES (116);
INSERT INTO SECCION(ID_SECCION) VALUES (117);
INSERT INTO SECCION(ID_SECCION) VALUES (118);
INSERT INTO SECCION(ID_SECCION) VALUES (119);
INSERT INTO SECCION(ID_SECCION) VALUES (120);
INSERT INTO SECCION(ID_SECCION) VALUES (121);
INSERT INTO SECCION(ID_SECCION) VALUES (122);
INSERT INTO SECCION(ID_SECCION) VALUES (123);
INSERT INTO SECCION(ID_SECCION) VALUES (124);
INSERT INTO SECCION(ID_SECCION) VALUES (125);
INSERT INTO SECCION(ID_SECCION) VALUES (126);
INSERT INTO SECCION(ID_SECCION) VALUES (127);
INSERT INTO SECCION(ID_SECCION) VALUES (128);
INSERT INTO SECCION(ID_SECCION) VALUES (129);
INSERT INTO SECCION(ID_SECCION) VALUES (130);
INSERT INTO SECCION(ID_SECCION) VALUES (131);
INSERT INTO SECCION(ID_SECCION) VALUES (132);
INSERT INTO SECCION(ID_SECCION) VALUES (133);
INSERT INTO SECCION(ID_SECCION) VALUES (134);
INSERT INTO SECCION(ID_SECCION) VALUES (135);
INSERT INTO SECCION(ID_SECCION) VALUES (136);
INSERT INTO SECCION(ID_SECCION) VALUES (137);
INSERT INTO SECCION(ID_SECCION) VALUES (138);
INSERT INTO SECCION(ID_SECCION) VALUES (139);
INSERT INTO SECCION(ID_SECCION) VALUES (140);
INSERT INTO SECCION(ID_SECCION) VALUES (141);
INSERT INTO SECCION(ID_SECCION) VALUES (142);
INSERT INTO SECCION(ID_SECCION) VALUES (143);
INSERT INTO SECCION(ID_SECCION) VALUES (144);
INSERT INTO SECCION(ID_SECCION) VALUES (145);
INSERT INTO SECCION(ID_SECCION) VALUES (146);
INSERT INTO SECCION(ID_SECCION) VALUES (147);
INSERT INTO SECCION(ID_SECCION) VALUES (148);
INSERT INTO SECCION(ID_SECCION) VALUES (149);
INSERT INTO SECCION(ID_SECCION) VALUES (150);
INSERT INTO SECCION(ID_SECCION) VALUES (151);
INSERT INTO SECCION(ID_SECCION) VALUES (152);
INSERT INTO SECCION(ID_SECCION) VALUES (153);
INSERT INTO SECCION(ID_SECCION) VALUES (154);
INSERT INTO SECCION(ID_SECCION) VALUES (155);
INSERT INTO SECCION(ID_SECCION) VALUES (156);
INSERT INTO SECCION(ID_SECCION) VALUES (157);
INSERT INTO SECCION(ID_SECCION) VALUES (158);
INSERT INTO SECCION(ID_SECCION) VALUES (159);
INSERT INTO SECCION(ID_SECCION) VALUES (160);
INSERT INTO SECCION(ID_SECCION) VALUES (161);
INSERT INTO SECCION(ID_SECCION) VALUES (162);
INSERT INTO SECCION(ID_SECCION) VALUES (163);
INSERT INTO SECCION(ID_SECCION) VALUES (164);
INSERT INTO SECCION(ID_SECCION) VALUES (165);
INSERT INTO SECCION(ID_SECCION) VALUES (166);
INSERT INTO SECCION(ID_SECCION) VALUES (167);
INSERT INTO SECCION(ID_SECCION) VALUES (168);
INSERT INTO SECCION(ID_SECCION) VALUES (169);
INSERT INTO SECCION(ID_SECCION) VALUES (170);
INSERT INTO SECCION(ID_SECCION) VALUES (171);
INSERT INTO SECCION(ID_SECCION) VALUES (172);
INSERT INTO SECCION(ID_SECCION) VALUES (173);
INSERT INTO SECCION(ID_SECCION) VALUES (174);
INSERT INTO SECCION(ID_SECCION) VALUES (175);
INSERT INTO SECCION(ID_SECCION) VALUES (176);
INSERT INTO SECCION(ID_SECCION) VALUES (177);
INSERT INTO SECCION(ID_SECCION) VALUES (178);
INSERT INTO SECCION(ID_SECCION) VALUES (179);
INSERT INTO SECCION(ID_SECCION) VALUES (180);
INSERT INTO SECCION(ID_SECCION) VALUES (181);
INSERT INTO SECCION(ID_SECCION) VALUES (182);
INSERT INTO SECCION(ID_SECCION) VALUES (183);
INSERT INTO SECCION(ID_SECCION) VALUES (184);
INSERT INTO SECCION(ID_SECCION) VALUES (185);
INSERT INTO SECCION(ID_SECCION) VALUES (186);
INSERT INTO SECCION(ID_SECCION) VALUES (187);
INSERT INTO SECCION(ID_SECCION) VALUES (188);
INSERT INTO SECCION(ID_SECCION) VALUES (189);
INSERT INTO SECCION(ID_SECCION) VALUES (190);
INSERT INTO SECCION(ID_SECCION) VALUES (191);
INSERT INTO SECCION(ID_SECCION) VALUES (192);
INSERT INTO SECCION(ID_SECCION) VALUES (193);
INSERT INTO SECCION(ID_SECCION) VALUES (194);
INSERT INTO SECCION(ID_SECCION) VALUES (195);
INSERT INTO SECCION(ID_SECCION) VALUES (196);
INSERT INTO SECCION(ID_SECCION) VALUES (197);
INSERT INTO SECCION(ID_SECCION) VALUES (198);
INSERT INTO SECCION(ID_SECCION) VALUES (199);
INSERT INTO SECCION(ID_SECCION) VALUES (200);
INSERT INTO SECCION(ID_SECCION) VALUES (201);
INSERT INTO SECCION(ID_SECCION) VALUES (202);
INSERT INTO SECCION(ID_SECCION) VALUES (203);
INSERT INTO SECCION(ID_SECCION) VALUES (204);
INSERT INTO SECCION(ID_SECCION) VALUES (205);
INSERT INTO SECCION(ID_SECCION) VALUES (206);
INSERT INTO SECCION(ID_SECCION) VALUES (207);
INSERT INTO SECCION(ID_SECCION) VALUES (208);
INSERT INTO SECCION(ID_SECCION) VALUES (209);
INSERT INTO SECCION(ID_SECCION) VALUES (210);
INSERT INTO SECCION(ID_SECCION) VALUES (211);
INSERT INTO SECCION(ID_SECCION) VALUES (212);
INSERT INTO SECCION(ID_SECCION) VALUES (213);
INSERT INTO SECCION(ID_SECCION) VALUES (214);
INSERT INTO SECCION(ID_SECCION) VALUES (215);
INSERT INTO SECCION(ID_SECCION) VALUES (216);
INSERT INTO SECCION(ID_SECCION) VALUES (217);
INSERT INTO SECCION(ID_SECCION) VALUES (218);
INSERT INTO SECCION(ID_SECCION) VALUES (219);
INSERT INTO SECCION(ID_SECCION) VALUES (220);
INSERT INTO SECCION(ID_SECCION) VALUES (221);
INSERT INTO SECCION(ID_SECCION) VALUES (222);
INSERT INTO SECCION(ID_SECCION) VALUES (223);
INSERT INTO SECCION(ID_SECCION) VALUES (224);
INSERT INTO SECCION(ID_SECCION) VALUES (225);
INSERT INTO SECCION(ID_SECCION) VALUES (226);
INSERT INTO SECCION(ID_SECCION) VALUES (227);
INSERT INTO SECCION(ID_SECCION) VALUES (228);
INSERT INTO SECCION(ID_SECCION) VALUES (229);
INSERT INTO SECCION(ID_SECCION) VALUES (230);
INSERT INTO SECCION(ID_SECCION) VALUES (231);
INSERT INTO SECCION(ID_SECCION) VALUES (232);
INSERT INTO SECCION(ID_SECCION) VALUES (233);
INSERT INTO SECCION(ID_SECCION) VALUES (234);
INSERT INTO SECCION(ID_SECCION) VALUES (235);
INSERT INTO SECCION(ID_SECCION) VALUES (236);
INSERT INTO SECCION(ID_SECCION) VALUES (237);
INSERT INTO SECCION(ID_SECCION) VALUES (238);
INSERT INTO SECCION(ID_SECCION) VALUES (239);
INSERT INTO SECCION(ID_SECCION) VALUES (240);
INSERT INTO SECCION(ID_SECCION) VALUES (241);
INSERT INTO SECCION(ID_SECCION) VALUES (242);
INSERT INTO SECCION(ID_SECCION) VALUES (243);
INSERT INTO SECCION(ID_SECCION) VALUES (244);
INSERT INTO SECCION(ID_SECCION) VALUES (245);
INSERT INTO SECCION(ID_SECCION) VALUES (246);
INSERT INTO SECCION(ID_SECCION) VALUES (247);
INSERT INTO SECCION(ID_SECCION) VALUES (248);
INSERT INTO SECCION(ID_SECCION) VALUES (249);
INSERT INTO SECCION(ID_SECCION) VALUES (250);
INSERT INTO SECCION(ID_SECCION) VALUES (251);
INSERT INTO SECCION(ID_SECCION) VALUES (252);
INSERT INTO SECCION(ID_SECCION) VALUES (253);
INSERT INTO SECCION(ID_SECCION) VALUES (254);
INSERT INTO SECCION(ID_SECCION) VALUES (255);
INSERT INTO SECCION(ID_SECCION) VALUES (256);
INSERT INTO SECCION(ID_SECCION) VALUES (257);
INSERT INTO SECCION(ID_SECCION) VALUES (258);
INSERT INTO SECCION(ID_SECCION) VALUES (259);
INSERT INTO SECCION(ID_SECCION) VALUES (260);
INSERT INTO SECCION(ID_SECCION) VALUES (261);
INSERT INTO SECCION(ID_SECCION) VALUES (262);
INSERT INTO SECCION(ID_SECCION) VALUES (263);
INSERT INTO SECCION(ID_SECCION) VALUES (264);
INSERT INTO SECCION(ID_SECCION) VALUES (265);
INSERT INTO SECCION(ID_SECCION) VALUES (266);
INSERT INTO SECCION(ID_SECCION) VALUES (267);
INSERT INTO SECCION(ID_SECCION) VALUES (268);
INSERT INTO SECCION(ID_SECCION) VALUES (269);
INSERT INTO SECCION(ID_SECCION) VALUES (270);
INSERT INTO SECCION(ID_SECCION) VALUES (271);
INSERT INTO SECCION(ID_SECCION) VALUES (272);
INSERT INTO SECCION(ID_SECCION) VALUES (273);
INSERT INTO SECCION(ID_SECCION) VALUES (274);
INSERT INTO SECCION(ID_SECCION) VALUES (275);
INSERT INTO SECCION(ID_SECCION) VALUES (276);
INSERT INTO SECCION(ID_SECCION) VALUES (277);
INSERT INTO SECCION(ID_SECCION) VALUES (278);
INSERT INTO SECCION(ID_SECCION) VALUES (279);
INSERT INTO SECCION(ID_SECCION) VALUES (280);
INSERT INTO SECCION(ID_SECCION) VALUES (281);
INSERT INTO SECCION(ID_SECCION) VALUES (282);
INSERT INTO SECCION(ID_SECCION) VALUES (283);
INSERT INTO SECCION(ID_SECCION) VALUES (284);
INSERT INTO SECCION(ID_SECCION) VALUES (285);
INSERT INTO SECCION(ID_SECCION) VALUES (286);
INSERT INTO SECCION(ID_SECCION) VALUES (287);
INSERT INTO SECCION(ID_SECCION) VALUES (288);
INSERT INTO SECCION(ID_SECCION) VALUES (289);
INSERT INTO SECCION(ID_SECCION) VALUES (290);
INSERT INTO SECCION(ID_SECCION) VALUES (291);
INSERT INTO SECCION(ID_SECCION) VALUES (292);
INSERT INTO SECCION(ID_SECCION) VALUES (293);
INSERT INTO SECCION(ID_SECCION) VALUES (294);
INSERT INTO SECCION(ID_SECCION) VALUES (295);
INSERT INTO SECCION(ID_SECCION) VALUES (296);
INSERT INTO SECCION(ID_SECCION) VALUES (297);
INSERT INTO SECCION(ID_SECCION) VALUES (298);
INSERT INTO SECCION(ID_SECCION) VALUES (299);
INSERT INTO SECCION(ID_SECCION) VALUES (300);
INSERT INTO SECCION(ID_SECCION) VALUES (301);
INSERT INTO SECCION(ID_SECCION) VALUES (302);
INSERT INTO SECCION(ID_SECCION) VALUES (303);
INSERT INTO SECCION(ID_SECCION) VALUES (304);
INSERT INTO SECCION(ID_SECCION) VALUES (305);
INSERT INTO SECCION(ID_SECCION) VALUES (306);
INSERT INTO SECCION(ID_SECCION) VALUES (307);
INSERT INTO SECCION(ID_SECCION) VALUES (308);
INSERT INTO SECCION(ID_SECCION) VALUES (309);
INSERT INTO SECCION(ID_SECCION) VALUES (310);
INSERT INTO SECCION(ID_SECCION) VALUES (311);
INSERT INTO SECCION(ID_SECCION) VALUES (312);
INSERT INTO SECCION(ID_SECCION) VALUES (313);
INSERT INTO SECCION(ID_SECCION) VALUES (314);
INSERT INTO SECCION(ID_SECCION) VALUES (315);
INSERT INTO SECCION(ID_SECCION) VALUES (316);
INSERT INTO SECCION(ID_SECCION) VALUES (317);
INSERT INTO SECCION(ID_SECCION) VALUES (318);
INSERT INTO SECCION(ID_SECCION) VALUES (319);
INSERT INTO SECCION(ID_SECCION) VALUES (320);
INSERT INTO SECCION(ID_SECCION) VALUES (321);
INSERT INTO SECCION(ID_SECCION) VALUES (322);
INSERT INTO SECCION(ID_SECCION) VALUES (323);
INSERT INTO SECCION(ID_SECCION) VALUES (324);
INSERT INTO SECCION(ID_SECCION) VALUES (325);
INSERT INTO SECCION(ID_SECCION) VALUES (326);
INSERT INTO SECCION(ID_SECCION) VALUES (327);
INSERT INTO SECCION(ID_SECCION) VALUES (328);
INSERT INTO SECCION(ID_SECCION) VALUES (329);
INSERT INTO SECCION(ID_SECCION) VALUES (330);
INSERT INTO SECCION(ID_SECCION) VALUES (331);
INSERT INTO SECCION(ID_SECCION) VALUES (332);
INSERT INTO SECCION(ID_SECCION) VALUES (333);
INSERT INTO SECCION(ID_SECCION) VALUES (334);
INSERT INTO SECCION(ID_SECCION) VALUES (335);
INSERT INTO SECCION(ID_SECCION) VALUES (336);
INSERT INTO SECCION(ID_SECCION) VALUES (337);
INSERT INTO SECCION(ID_SECCION) VALUES (338);
INSERT INTO SECCION(ID_SECCION) VALUES (339);
INSERT INTO SECCION(ID_SECCION) VALUES (340);
INSERT INTO SECCION(ID_SECCION) VALUES (341);
INSERT INTO SECCION(ID_SECCION) VALUES (342);
INSERT INTO SECCION(ID_SECCION) VALUES (343);
INSERT INTO SECCION(ID_SECCION) VALUES (344);
INSERT INTO SECCION(ID_SECCION) VALUES (345);
INSERT INTO SECCION(ID_SECCION) VALUES (346);
INSERT INTO SECCION(ID_SECCION) VALUES (347);
INSERT INTO SECCION(ID_SECCION) VALUES (348);
INSERT INTO SECCION(ID_SECCION) VALUES (349);
INSERT INTO SECCION(ID_SECCION) VALUES (350);
INSERT INTO SECCION(ID_SECCION) VALUES (351);
INSERT INTO SECCION(ID_SECCION) VALUES (352);
INSERT INTO SECCION(ID_SECCION) VALUES (353);
INSERT INTO SECCION(ID_SECCION) VALUES (354);
INSERT INTO SECCION(ID_SECCION) VALUES (355);
INSERT INTO SECCION(ID_SECCION) VALUES (356);
INSERT INTO SECCION(ID_SECCION) VALUES (357);
INSERT INTO SECCION(ID_SECCION) VALUES (358);
INSERT INTO SECCION(ID_SECCION) VALUES (359);
INSERT INTO SECCION(ID_SECCION) VALUES (360);
INSERT INTO SECCION(ID_SECCION) VALUES (361);
INSERT INTO SECCION(ID_SECCION) VALUES (362);
INSERT INTO SECCION(ID_SECCION) VALUES (363);
INSERT INTO SECCION(ID_SECCION) VALUES (364);
INSERT INTO SECCION(ID_SECCION) VALUES (365);
INSERT INTO SECCION(ID_SECCION) VALUES (366);
INSERT INTO SECCION(ID_SECCION) VALUES (367);
INSERT INTO SECCION(ID_SECCION) VALUES (368);
INSERT INTO SECCION(ID_SECCION) VALUES (369);
INSERT INTO SECCION(ID_SECCION) VALUES (370);
INSERT INTO SECCION(ID_SECCION) VALUES (371);
INSERT INTO SECCION(ID_SECCION) VALUES (372);
INSERT INTO SECCION(ID_SECCION) VALUES (373);
INSERT INTO SECCION(ID_SECCION) VALUES (374);
INSERT INTO SECCION(ID_SECCION) VALUES (375);
INSERT INTO SECCION(ID_SECCION) VALUES (376);
INSERT INTO SECCION(ID_SECCION) VALUES (377);
INSERT INTO SECCION(ID_SECCION) VALUES (378);
INSERT INTO SECCION(ID_SECCION) VALUES (379);
INSERT INTO SECCION(ID_SECCION) VALUES (380);
INSERT INTO SECCION(ID_SECCION) VALUES (381);
INSERT INTO SECCION(ID_SECCION) VALUES (382);
INSERT INTO SECCION(ID_SECCION) VALUES (383);
INSERT INTO SECCION(ID_SECCION) VALUES (384);
INSERT INTO SECCION(ID_SECCION) VALUES (385);
INSERT INTO SECCION(ID_SECCION) VALUES (386);
INSERT INTO SECCION(ID_SECCION) VALUES (387);
INSERT INTO SECCION(ID_SECCION) VALUES (388);
INSERT INTO SECCION(ID_SECCION) VALUES (389);
INSERT INTO SECCION(ID_SECCION) VALUES (390);
INSERT INTO SECCION(ID_SECCION) VALUES (391);
INSERT INTO SECCION(ID_SECCION) VALUES (392);
INSERT INTO SECCION(ID_SECCION) VALUES (393);
INSERT INTO SECCION(ID_SECCION) VALUES (394);
INSERT INTO SECCION(ID_SECCION) VALUES (395);
INSERT INTO SECCION(ID_SECCION) VALUES (396);
INSERT INTO SECCION(ID_SECCION) VALUES (397);
INSERT INTO SECCION(ID_SECCION) VALUES (398);
INSERT INTO SECCION(ID_SECCION) VALUES (399);
INSERT INTO SECCION(ID_SECCION) VALUES (400);
INSERT INTO SECCION(ID_SECCION) VALUES (401);
INSERT INTO SECCION(ID_SECCION) VALUES (402);
INSERT INTO SECCION(ID_SECCION) VALUES (403);
INSERT INTO SECCION(ID_SECCION) VALUES (404);
INSERT INTO SECCION(ID_SECCION) VALUES (405);
INSERT INTO SECCION(ID_SECCION) VALUES (406);
INSERT INTO SECCION(ID_SECCION) VALUES (407);
INSERT INTO SECCION(ID_SECCION) VALUES (408);
INSERT INTO SECCION(ID_SECCION) VALUES (409);
INSERT INTO SECCION(ID_SECCION) VALUES (410);
INSERT INTO SECCION(ID_SECCION) VALUES (411);
INSERT INTO SECCION(ID_SECCION) VALUES (412);
INSERT INTO SECCION(ID_SECCION) VALUES (413);
INSERT INTO SECCION(ID_SECCION) VALUES (414);
INSERT INTO SECCION(ID_SECCION) VALUES (415);
INSERT INTO SECCION(ID_SECCION) VALUES (416);
INSERT INTO SECCION(ID_SECCION) VALUES (417);
INSERT INTO SECCION(ID_SECCION) VALUES (418);
INSERT INTO SECCION(ID_SECCION) VALUES (419);
INSERT INTO SECCION(ID_SECCION) VALUES (420);
INSERT INTO SECCION(ID_SECCION) VALUES (421);
INSERT INTO SECCION(ID_SECCION) VALUES (422);
INSERT INTO SECCION(ID_SECCION) VALUES (423);
INSERT INTO SECCION(ID_SECCION) VALUES (424);
INSERT INTO SECCION(ID_SECCION) VALUES (425);
INSERT INTO SECCION(ID_SECCION) VALUES (426);
INSERT INTO SECCION(ID_SECCION) VALUES (427);
INSERT INTO SECCION(ID_SECCION) VALUES (428);
INSERT INTO SECCION(ID_SECCION) VALUES (429);
INSERT INTO SECCION(ID_SECCION) VALUES (430);
INSERT INTO SECCION(ID_SECCION) VALUES (431);
INSERT INTO SECCION(ID_SECCION) VALUES (432);
INSERT INTO SECCION(ID_SECCION) VALUES (433);
INSERT INTO SECCION(ID_SECCION) VALUES (434);
INSERT INTO SECCION(ID_SECCION) VALUES (435);
INSERT INTO SECCION(ID_SECCION) VALUES (436);
INSERT INTO SECCION(ID_SECCION) VALUES (437);
INSERT INTO SECCION(ID_SECCION) VALUES (438);
INSERT INTO SECCION(ID_SECCION) VALUES (439);
INSERT INTO SECCION(ID_SECCION) VALUES (440);
INSERT INTO SECCION(ID_SECCION) VALUES (441);
INSERT INTO SECCION(ID_SECCION) VALUES (442);
INSERT INTO SECCION(ID_SECCION) VALUES (443);
INSERT INTO SECCION(ID_SECCION) VALUES (444);
INSERT INTO SECCION(ID_SECCION) VALUES (445);
INSERT INTO SECCION(ID_SECCION) VALUES (446);
INSERT INTO SECCION(ID_SECCION) VALUES (447);
INSERT INTO SECCION(ID_SECCION) VALUES (448);
INSERT INTO SECCION(ID_SECCION) VALUES (449);
INSERT INTO SECCION(ID_SECCION) VALUES (450);
INSERT INTO SECCION(ID_SECCION) VALUES (451);
INSERT INTO SECCION(ID_SECCION) VALUES (452);
INSERT INTO SECCION(ID_SECCION) VALUES (453);
INSERT INTO SECCION(ID_SECCION) VALUES (454);
INSERT INTO SECCION(ID_SECCION) VALUES (455);
INSERT INTO SECCION(ID_SECCION) VALUES (456);
INSERT INTO SECCION(ID_SECCION) VALUES (457);
INSERT INTO SECCION(ID_SECCION) VALUES (458);
INSERT INTO SECCION(ID_SECCION) VALUES (459);
INSERT INTO SECCION(ID_SECCION) VALUES (460);
INSERT INTO SECCION(ID_SECCION) VALUES (461);
INSERT INTO SECCION(ID_SECCION) VALUES (462);
INSERT INTO SECCION(ID_SECCION) VALUES (463);
INSERT INTO SECCION(ID_SECCION) VALUES (464);
INSERT INTO SECCION(ID_SECCION) VALUES (465);
INSERT INTO SECCION(ID_SECCION) VALUES (466);
INSERT INTO SECCION(ID_SECCION) VALUES (467);
INSERT INTO SECCION(ID_SECCION) VALUES (468);
INSERT INTO SECCION(ID_SECCION) VALUES (469);
INSERT INTO SECCION(ID_SECCION) VALUES (470);
INSERT INTO SECCION(ID_SECCION) VALUES (471);
INSERT INTO SECCION(ID_SECCION) VALUES (472);
INSERT INTO SECCION(ID_SECCION) VALUES (473);
INSERT INTO SECCION(ID_SECCION) VALUES (474);
INSERT INTO SECCION(ID_SECCION) VALUES (475);
INSERT INTO SECCION(ID_SECCION) VALUES (476);
INSERT INTO SECCION(ID_SECCION) VALUES (477);
INSERT INTO SECCION(ID_SECCION) VALUES (478);
INSERT INTO SECCION(ID_SECCION) VALUES (479);
INSERT INTO SECCION(ID_SECCION) VALUES (480);
INSERT INTO SECCION(ID_SECCION) VALUES (481);
INSERT INTO SECCION(ID_SECCION) VALUES (482);
INSERT INTO SECCION(ID_SECCION) VALUES (483);
INSERT INTO SECCION(ID_SECCION) VALUES (484);
INSERT INTO SECCION(ID_SECCION) VALUES (485);
INSERT INTO SECCION(ID_SECCION) VALUES (486);
INSERT INTO SECCION(ID_SECCION) VALUES (487);
INSERT INTO SECCION(ID_SECCION) VALUES (488);
INSERT INTO SECCION(ID_SECCION) VALUES (489);
INSERT INTO SECCION(ID_SECCION) VALUES (490);
INSERT INTO SECCION(ID_SECCION) VALUES (491);
INSERT INTO SECCION(ID_SECCION) VALUES (492);
INSERT INTO SECCION(ID_SECCION) VALUES (493);
INSERT INTO SECCION(ID_SECCION) VALUES (494);
INSERT INTO SECCION(ID_SECCION) VALUES (495);
INSERT INTO SECCION(ID_SECCION) VALUES (496);
INSERT INTO SECCION(ID_SECCION) VALUES (497);
INSERT INTO SECCION(ID_SECCION) VALUES (498);
INSERT INTO SECCION(ID_SECCION) VALUES (499);
INSERT INTO SECCION(ID_SECCION) VALUES (500);
INSERT INTO SECCION(ID_SECCION) VALUES (501);
INSERT INTO SECCION(ID_SECCION) VALUES (502);
INSERT INTO SECCION(ID_SECCION) VALUES (503);
INSERT INTO SECCION(ID_SECCION) VALUES (504);
INSERT INTO SECCION(ID_SECCION) VALUES (505);
INSERT INTO SECCION(ID_SECCION) VALUES (506);
INSERT INTO SECCION(ID_SECCION) VALUES (507);
INSERT INTO SECCION(ID_SECCION) VALUES (508);
INSERT INTO SECCION(ID_SECCION) VALUES (509);
INSERT INTO SECCION(ID_SECCION) VALUES (510);
INSERT INTO SECCION(ID_SECCION) VALUES (511);
INSERT INTO SECCION(ID_SECCION) VALUES (512);
INSERT INTO SECCION(ID_SECCION) VALUES (513);
INSERT INTO SECCION(ID_SECCION) VALUES (514);
INSERT INTO SECCION(ID_SECCION) VALUES (515);
INSERT INTO SECCION(ID_SECCION) VALUES (516);
INSERT INTO SECCION(ID_SECCION) VALUES (517);
INSERT INTO SECCION(ID_SECCION) VALUES (518);
INSERT INTO SECCION(ID_SECCION) VALUES (519);
INSERT INTO SECCION(ID_SECCION) VALUES (520);
INSERT INTO SECCION(ID_SECCION) VALUES (521);
INSERT INTO SECCION(ID_SECCION) VALUES (522);
INSERT INTO SECCION(ID_SECCION) VALUES (523);
INSERT INTO SECCION(ID_SECCION) VALUES (524);
INSERT INTO SECCION(ID_SECCION) VALUES (525);
INSERT INTO SECCION(ID_SECCION) VALUES (526);
INSERT INTO SECCION(ID_SECCION) VALUES (527);
INSERT INTO SECCION(ID_SECCION) VALUES (528);
INSERT INTO SECCION(ID_SECCION) VALUES (529);
INSERT INTO SECCION(ID_SECCION) VALUES (530);
INSERT INTO SECCION(ID_SECCION) VALUES (531);
INSERT INTO SECCION(ID_SECCION) VALUES (532);
INSERT INTO SECCION(ID_SECCION) VALUES (533);
INSERT INTO SECCION(ID_SECCION) VALUES (534);
INSERT INTO SECCION(ID_SECCION) VALUES (535);
INSERT INTO SECCION(ID_SECCION) VALUES (536);
INSERT INTO SECCION(ID_SECCION) VALUES (537);
INSERT INTO SECCION(ID_SECCION) VALUES (538);
INSERT INTO SECCION(ID_SECCION) VALUES (539);
INSERT INTO SECCION(ID_SECCION) VALUES (540);
INSERT INTO SECCION(ID_SECCION) VALUES (541);
INSERT INTO SECCION(ID_SECCION) VALUES (542);
INSERT INTO SECCION(ID_SECCION) VALUES (543);
INSERT INTO SECCION(ID_SECCION) VALUES (544);
INSERT INTO SECCION(ID_SECCION) VALUES (545);
INSERT INTO SECCION(ID_SECCION) VALUES (546);
INSERT INTO SECCION(ID_SECCION) VALUES (547);
INSERT INTO SECCION(ID_SECCION) VALUES (548);
INSERT INTO SECCION(ID_SECCION) VALUES (549);
INSERT INTO SECCION(ID_SECCION) VALUES (550);
INSERT INTO SECCION(ID_SECCION) VALUES (551);
INSERT INTO SECCION(ID_SECCION) VALUES (552);
INSERT INTO SECCION(ID_SECCION) VALUES (553);
INSERT INTO SECCION(ID_SECCION) VALUES (554);
INSERT INTO SECCION(ID_SECCION) VALUES (555);
INSERT INTO SECCION(ID_SECCION) VALUES (556);
INSERT INTO SECCION(ID_SECCION) VALUES (557);
INSERT INTO SECCION(ID_SECCION) VALUES (558);
INSERT INTO SECCION(ID_SECCION) VALUES (559);
INSERT INTO SECCION(ID_SECCION) VALUES (560);
INSERT INTO SECCION(ID_SECCION) VALUES (561);
INSERT INTO SECCION(ID_SECCION) VALUES (562);
INSERT INTO SECCION(ID_SECCION) VALUES (563);
INSERT INTO SECCION(ID_SECCION) VALUES (564);
INSERT INTO SECCION(ID_SECCION) VALUES (565);
INSERT INTO SECCION(ID_SECCION) VALUES (566);
INSERT INTO SECCION(ID_SECCION) VALUES (567);
INSERT INTO SECCION(ID_SECCION) VALUES (568);
INSERT INTO SECCION(ID_SECCION) VALUES (569);
INSERT INTO SECCION(ID_SECCION) VALUES (570);
INSERT INTO SECCION(ID_SECCION) VALUES (571);
INSERT INTO SECCION(ID_SECCION) VALUES (572);
INSERT INTO SECCION(ID_SECCION) VALUES (573);
INSERT INTO SECCION(ID_SECCION) VALUES (574);
INSERT INTO SECCION(ID_SECCION) VALUES (575);
INSERT INTO SECCION(ID_SECCION) VALUES (576);
INSERT INTO SECCION(ID_SECCION) VALUES (577);
INSERT INTO SECCION(ID_SECCION) VALUES (578);
INSERT INTO SECCION(ID_SECCION) VALUES (579);
INSERT INTO SECCION(ID_SECCION) VALUES (580);
INSERT INTO SECCION(ID_SECCION) VALUES (581);
INSERT INTO SECCION(ID_SECCION) VALUES (582);
INSERT INTO SECCION(ID_SECCION) VALUES (583);
INSERT INTO SECCION(ID_SECCION) VALUES (584);
INSERT INTO SECCION(ID_SECCION) VALUES (585);
INSERT INTO SECCION(ID_SECCION) VALUES (586);
INSERT INTO SECCION(ID_SECCION) VALUES (587);
INSERT INTO SECCION(ID_SECCION) VALUES (588);
INSERT INTO SECCION(ID_SECCION) VALUES (589);
INSERT INTO SECCION(ID_SECCION) VALUES (590);
INSERT INTO SECCION(ID_SECCION) VALUES (591);
INSERT INTO SECCION(ID_SECCION) VALUES (592);
INSERT INTO SECCION(ID_SECCION) VALUES (593);
INSERT INTO SECCION(ID_SECCION) VALUES (594);
INSERT INTO SECCION(ID_SECCION) VALUES (595);
INSERT INTO SECCION(ID_SECCION) VALUES (596);
INSERT INTO SECCION(ID_SECCION) VALUES (597);
INSERT INTO SECCION(ID_SECCION) VALUES (598);
INSERT INTO SECCION(ID_SECCION) VALUES (599);
INSERT INTO SECCION(ID_SECCION) VALUES (600);
INSERT INTO SECCION(ID_SECCION) VALUES (601);
INSERT INTO SECCION(ID_SECCION) VALUES (602);
INSERT INTO SECCION(ID_SECCION) VALUES (603);
INSERT INTO SECCION(ID_SECCION) VALUES (604);
INSERT INTO SECCION(ID_SECCION) VALUES (605);
INSERT INTO SECCION(ID_SECCION) VALUES (606);
INSERT INTO SECCION(ID_SECCION) VALUES (607);
INSERT INTO SECCION(ID_SECCION) VALUES (608);
INSERT INTO SECCION(ID_SECCION) VALUES (609);
INSERT INTO SECCION(ID_SECCION) VALUES (610);
INSERT INTO SECCION(ID_SECCION) VALUES (611);
INSERT INTO SECCION(ID_SECCION) VALUES (612);
INSERT INTO SECCION(ID_SECCION) VALUES (613);
INSERT INTO SECCION(ID_SECCION) VALUES (614);
INSERT INTO SECCION(ID_SECCION) VALUES (615);
INSERT INTO SECCION(ID_SECCION) VALUES (616);
INSERT INTO SECCION(ID_SECCION) VALUES (617);
INSERT INTO SECCION(ID_SECCION) VALUES (618);
INSERT INTO SECCION(ID_SECCION) VALUES (619);
INSERT INTO SECCION(ID_SECCION) VALUES (620);
INSERT INTO SECCION(ID_SECCION) VALUES (621);
INSERT INTO SECCION(ID_SECCION) VALUES (622);
INSERT INTO SECCION(ID_SECCION) VALUES (623);
INSERT INTO SECCION(ID_SECCION) VALUES (624);
INSERT INTO SECCION(ID_SECCION) VALUES (625);
INSERT INTO SECCION(ID_SECCION) VALUES (626);
INSERT INTO SECCION(ID_SECCION) VALUES (627);
INSERT INTO SECCION(ID_SECCION) VALUES (628);
INSERT INTO SECCION(ID_SECCION) VALUES (629);
INSERT INTO SECCION(ID_SECCION) VALUES (630);
INSERT INTO SECCION(ID_SECCION) VALUES (631);
INSERT INTO SECCION(ID_SECCION) VALUES (632);
INSERT INTO SECCION(ID_SECCION) VALUES (633);
INSERT INTO SECCION(ID_SECCION) VALUES (634);
INSERT INTO SECCION(ID_SECCION) VALUES (635);
INSERT INTO SECCION(ID_SECCION) VALUES (636);
INSERT INTO SECCION(ID_SECCION) VALUES (637);
INSERT INTO SECCION(ID_SECCION) VALUES (638);
INSERT INTO SECCION(ID_SECCION) VALUES (639);
INSERT INTO SECCION(ID_SECCION) VALUES (640);
INSERT INTO SECCION(ID_SECCION) VALUES (641);
INSERT INTO SECCION(ID_SECCION) VALUES (642);
INSERT INTO SECCION(ID_SECCION) VALUES (643);
INSERT INTO SECCION(ID_SECCION) VALUES (644);
INSERT INTO SECCION(ID_SECCION) VALUES (645);
INSERT INTO SECCION(ID_SECCION) VALUES (646);
INSERT INTO SECCION(ID_SECCION) VALUES (647);
INSERT INTO SECCION(ID_SECCION) VALUES (648);
INSERT INTO SECCION(ID_SECCION) VALUES (649);
INSERT INTO SECCION(ID_SECCION) VALUES (650);
INSERT INTO SECCION(ID_SECCION) VALUES (651);
INSERT INTO SECCION(ID_SECCION) VALUES (652);
INSERT INTO SECCION(ID_SECCION) VALUES (653);
INSERT INTO SECCION(ID_SECCION) VALUES (654);
INSERT INTO SECCION(ID_SECCION) VALUES (655);
INSERT INTO SECCION(ID_SECCION) VALUES (656);
INSERT INTO SECCION(ID_SECCION) VALUES (657);
INSERT INTO SECCION(ID_SECCION) VALUES (658);
INSERT INTO SECCION(ID_SECCION) VALUES (659);
INSERT INTO SECCION(ID_SECCION) VALUES (660);
INSERT INTO SECCION(ID_SECCION) VALUES (661);
INSERT INTO SECCION(ID_SECCION) VALUES (662);
INSERT INTO SECCION(ID_SECCION) VALUES (663);
INSERT INTO SECCION(ID_SECCION) VALUES (664);
INSERT INTO SECCION(ID_SECCION) VALUES (665);
INSERT INTO SECCION(ID_SECCION) VALUES (666);
INSERT INTO SECCION(ID_SECCION) VALUES (667);
INSERT INTO SECCION(ID_SECCION) VALUES (668);
INSERT INTO SECCION(ID_SECCION) VALUES (669);
INSERT INTO SECCION(ID_SECCION) VALUES (670);
INSERT INTO SECCION(ID_SECCION) VALUES (671);
INSERT INTO SECCION(ID_SECCION) VALUES (672);
INSERT INTO SECCION(ID_SECCION) VALUES (673);
INSERT INTO SECCION(ID_SECCION) VALUES (674);
INSERT INTO SECCION(ID_SECCION) VALUES (675);
INSERT INTO SECCION(ID_SECCION) VALUES (676);
INSERT INTO SECCION(ID_SECCION) VALUES (677);
INSERT INTO SECCION(ID_SECCION) VALUES (678);
INSERT INTO SECCION(ID_SECCION) VALUES (679);
INSERT INTO SECCION(ID_SECCION) VALUES (680);
INSERT INTO SECCION(ID_SECCION) VALUES (681);
INSERT INTO SECCION(ID_SECCION) VALUES (682);
INSERT INTO SECCION(ID_SECCION) VALUES (683);
INSERT INTO SECCION(ID_SECCION) VALUES (684);
INSERT INTO SECCION(ID_SECCION) VALUES (685);
INSERT INTO SECCION(ID_SECCION) VALUES (686);
INSERT INTO SECCION(ID_SECCION) VALUES (687);
INSERT INTO SECCION(ID_SECCION) VALUES (688);
INSERT INTO SECCION(ID_SECCION) VALUES (689);
INSERT INTO SECCION(ID_SECCION) VALUES (690);
INSERT INTO SECCION(ID_SECCION) VALUES (691);
INSERT INTO SECCION(ID_SECCION) VALUES (692);
INSERT INTO SECCION(ID_SECCION) VALUES (693);
INSERT INTO SECCION(ID_SECCION) VALUES (694);
INSERT INTO SECCION(ID_SECCION) VALUES (695);
INSERT INTO SECCION(ID_SECCION) VALUES (696);
INSERT INTO SECCION(ID_SECCION) VALUES (697);
INSERT INTO SECCION(ID_SECCION) VALUES (698);
INSERT INTO SECCION(ID_SECCION) VALUES (699);
INSERT INTO SECCION(ID_SECCION) VALUES (700);
INSERT INTO SECCION(ID_SECCION) VALUES (701);
INSERT INTO SECCION(ID_SECCION) VALUES (702);
INSERT INTO SECCION(ID_SECCION) VALUES (703);
INSERT INTO SECCION(ID_SECCION) VALUES (704);
INSERT INTO SECCION(ID_SECCION) VALUES (705);
INSERT INTO SECCION(ID_SECCION) VALUES (706);
INSERT INTO SECCION(ID_SECCION) VALUES (707);
INSERT INTO SECCION(ID_SECCION) VALUES (708);
INSERT INTO SECCION(ID_SECCION) VALUES (709);
INSERT INTO SECCION(ID_SECCION) VALUES (710);
INSERT INTO SECCION(ID_SECCION) VALUES (711);
INSERT INTO SECCION(ID_SECCION) VALUES (712);
INSERT INTO SECCION(ID_SECCION) VALUES (713);
INSERT INTO SECCION(ID_SECCION) VALUES (714);
INSERT INTO SECCION(ID_SECCION) VALUES (715);
INSERT INTO SECCION(ID_SECCION) VALUES (716);
INSERT INTO SECCION(ID_SECCION) VALUES (717);
INSERT INTO SECCION(ID_SECCION) VALUES (718);
INSERT INTO SECCION(ID_SECCION) VALUES (719);
INSERT INTO SECCION(ID_SECCION) VALUES (720);
INSERT INTO SECCION(ID_SECCION) VALUES (721);
INSERT INTO SECCION(ID_SECCION) VALUES (722);
INSERT INTO SECCION(ID_SECCION) VALUES (723);
INSERT INTO SECCION(ID_SECCION) VALUES (724);
INSERT INTO SECCION(ID_SECCION) VALUES (725);
INSERT INTO SECCION(ID_SECCION) VALUES (726);
INSERT INTO SECCION(ID_SECCION) VALUES (727);
INSERT INTO SECCION(ID_SECCION) VALUES (728);
INSERT INTO SECCION(ID_SECCION) VALUES (729);
INSERT INTO SECCION(ID_SECCION) VALUES (730);
INSERT INTO SECCION(ID_SECCION) VALUES (731);
INSERT INTO SECCION(ID_SECCION) VALUES (732);
INSERT INTO SECCION(ID_SECCION) VALUES (733);
INSERT INTO SECCION(ID_SECCION) VALUES (734);
INSERT INTO SECCION(ID_SECCION) VALUES (735);
INSERT INTO SECCION(ID_SECCION) VALUES (736);
INSERT INTO SECCION(ID_SECCION) VALUES (737);
INSERT INTO SECCION(ID_SECCION) VALUES (738);
INSERT INTO SECCION(ID_SECCION) VALUES (739);
INSERT INTO SECCION(ID_SECCION) VALUES (740);
INSERT INTO SECCION(ID_SECCION) VALUES (741);
INSERT INTO SECCION(ID_SECCION) VALUES (742);
INSERT INTO SECCION(ID_SECCION) VALUES (743);
INSERT INTO SECCION(ID_SECCION) VALUES (744);
INSERT INTO SECCION(ID_SECCION) VALUES (745);
INSERT INTO SECCION(ID_SECCION) VALUES (746);
INSERT INTO SECCION(ID_SECCION) VALUES (747);
INSERT INTO SECCION(ID_SECCION) VALUES (748);
INSERT INTO SECCION(ID_SECCION) VALUES (749);
INSERT INTO SECCION(ID_SECCION) VALUES (750);
INSERT INTO SECCION(ID_SECCION) VALUES (751);
INSERT INTO SECCION(ID_SECCION) VALUES (752);
INSERT INTO SECCION(ID_SECCION) VALUES (753);
INSERT INTO SECCION(ID_SECCION) VALUES (754);
INSERT INTO SECCION(ID_SECCION) VALUES (755);
INSERT INTO SECCION(ID_SECCION) VALUES (756);
INSERT INTO SECCION(ID_SECCION) VALUES (757);
INSERT INTO SECCION(ID_SECCION) VALUES (758);
INSERT INTO SECCION(ID_SECCION) VALUES (759);
INSERT INTO SECCION(ID_SECCION) VALUES (760);
INSERT INTO SECCION(ID_SECCION) VALUES (761);
INSERT INTO SECCION(ID_SECCION) VALUES (762);
INSERT INTO SECCION(ID_SECCION) VALUES (763);
INSERT INTO SECCION(ID_SECCION) VALUES (764);
INSERT INTO SECCION(ID_SECCION) VALUES (765);
INSERT INTO SECCION(ID_SECCION) VALUES (766);
INSERT INTO SECCION(ID_SECCION) VALUES (767);
INSERT INTO SECCION(ID_SECCION) VALUES (768);
INSERT INTO SECCION(ID_SECCION) VALUES (769);
INSERT INTO SECCION(ID_SECCION) VALUES (770);
INSERT INTO SECCION(ID_SECCION) VALUES (771);
INSERT INTO SECCION(ID_SECCION) VALUES (772);
INSERT INTO SECCION(ID_SECCION) VALUES (773);
INSERT INTO SECCION(ID_SECCION) VALUES (774);
INSERT INTO SECCION(ID_SECCION) VALUES (775);
INSERT INTO SECCION(ID_SECCION) VALUES (776);
INSERT INTO SECCION(ID_SECCION) VALUES (777);
INSERT INTO SECCION(ID_SECCION) VALUES (778);
INSERT INTO SECCION(ID_SECCION) VALUES (779);
INSERT INTO SECCION(ID_SECCION) VALUES (780);
INSERT INTO SECCION(ID_SECCION) VALUES (781);
INSERT INTO SECCION(ID_SECCION) VALUES (782);
INSERT INTO SECCION(ID_SECCION) VALUES (783);
INSERT INTO SECCION(ID_SECCION) VALUES (784);
INSERT INTO SECCION(ID_SECCION) VALUES (785);
INSERT INTO SECCION(ID_SECCION) VALUES (786);
INSERT INTO SECCION(ID_SECCION) VALUES (787);
INSERT INTO SECCION(ID_SECCION) VALUES (788);
INSERT INTO SECCION(ID_SECCION) VALUES (789);
INSERT INTO SECCION(ID_SECCION) VALUES (790);
INSERT INTO SECCION(ID_SECCION) VALUES (791);
INSERT INTO SECCION(ID_SECCION) VALUES (792);
INSERT INTO SECCION(ID_SECCION) VALUES (793);
INSERT INTO SECCION(ID_SECCION) VALUES (794);
INSERT INTO SECCION(ID_SECCION) VALUES (795);
INSERT INTO SECCION(ID_SECCION) VALUES (796);
INSERT INTO SECCION(ID_SECCION) VALUES (797);
INSERT INTO SECCION(ID_SECCION) VALUES (798);
INSERT INTO SECCION(ID_SECCION) VALUES (799);
INSERT INTO SECCION(ID_SECCION) VALUES (800);
INSERT INTO SECCION(ID_SECCION) VALUES (801);
INSERT INTO SECCION(ID_SECCION) VALUES (802);
INSERT INTO SECCION(ID_SECCION) VALUES (803);
INSERT INTO SECCION(ID_SECCION) VALUES (804);
INSERT INTO SECCION(ID_SECCION) VALUES (805);
INSERT INTO SECCION(ID_SECCION) VALUES (806);
INSERT INTO SECCION(ID_SECCION) VALUES (807);
INSERT INTO SECCION(ID_SECCION) VALUES (808);
INSERT INTO SECCION(ID_SECCION) VALUES (809);
INSERT INTO SECCION(ID_SECCION) VALUES (810);
INSERT INTO SECCION(ID_SECCION) VALUES (811);
INSERT INTO SECCION(ID_SECCION) VALUES (812);
INSERT INTO SECCION(ID_SECCION) VALUES (813);
INSERT INTO SECCION(ID_SECCION) VALUES (814);
INSERT INTO SECCION(ID_SECCION) VALUES (815);
INSERT INTO SECCION(ID_SECCION) VALUES (816);
INSERT INTO SECCION(ID_SECCION) VALUES (817);
INSERT INTO SECCION(ID_SECCION) VALUES (818);
INSERT INTO SECCION(ID_SECCION) VALUES (819);
INSERT INTO SECCION(ID_SECCION) VALUES (820);
INSERT INTO SECCION(ID_SECCION) VALUES (821);
INSERT INTO SECCION(ID_SECCION) VALUES (822);
INSERT INTO SECCION(ID_SECCION) VALUES (823);
INSERT INTO SECCION(ID_SECCION) VALUES (824);
INSERT INTO SECCION(ID_SECCION) VALUES (825);
INSERT INTO SECCION(ID_SECCION) VALUES (826);
INSERT INTO SECCION(ID_SECCION) VALUES (827);
INSERT INTO SECCION(ID_SECCION) VALUES (828);
INSERT INTO SECCION(ID_SECCION) VALUES (829);
INSERT INTO SECCION(ID_SECCION) VALUES (830);
INSERT INTO SECCION(ID_SECCION) VALUES (831);
INSERT INTO SECCION(ID_SECCION) VALUES (832);
INSERT INTO SECCION(ID_SECCION) VALUES (833);
INSERT INTO SECCION(ID_SECCION) VALUES (834);
INSERT INTO SECCION(ID_SECCION) VALUES (835);
INSERT INTO SECCION(ID_SECCION) VALUES (836);
INSERT INTO SECCION(ID_SECCION) VALUES (837);
INSERT INTO SECCION(ID_SECCION) VALUES (838);
INSERT INTO SECCION(ID_SECCION) VALUES (839);
INSERT INTO SECCION(ID_SECCION) VALUES (840);
INSERT INTO SECCION(ID_SECCION) VALUES (841);
INSERT INTO SECCION(ID_SECCION) VALUES (842);
INSERT INTO SECCION(ID_SECCION) VALUES (843);
INSERT INTO SECCION(ID_SECCION) VALUES (844);
INSERT INTO SECCION(ID_SECCION) VALUES (845);
INSERT INTO SECCION(ID_SECCION) VALUES (846);
INSERT INTO SECCION(ID_SECCION) VALUES (847);
INSERT INTO SECCION(ID_SECCION) VALUES (848);
INSERT INTO SECCION(ID_SECCION) VALUES (849);
INSERT INTO SECCION(ID_SECCION) VALUES (850);
INSERT INTO SECCION(ID_SECCION) VALUES (851);
INSERT INTO SECCION(ID_SECCION) VALUES (852);
INSERT INTO SECCION(ID_SECCION) VALUES (853);
INSERT INTO SECCION(ID_SECCION) VALUES (854);
INSERT INTO SECCION(ID_SECCION) VALUES (855);
INSERT INTO SECCION(ID_SECCION) VALUES (856);
INSERT INTO SECCION(ID_SECCION) VALUES (857);
INSERT INTO SECCION(ID_SECCION) VALUES (858);
INSERT INTO SECCION(ID_SECCION) VALUES (859);
INSERT INTO SECCION(ID_SECCION) VALUES (860);
INSERT INTO SECCION(ID_SECCION) VALUES (861);
INSERT INTO SECCION(ID_SECCION) VALUES (862);
INSERT INTO SECCION(ID_SECCION) VALUES (863);
INSERT INTO SECCION(ID_SECCION) VALUES (864);
INSERT INTO SECCION(ID_SECCION) VALUES (865);
INSERT INTO SECCION(ID_SECCION) VALUES (866);
INSERT INTO SECCION(ID_SECCION) VALUES (867);
INSERT INTO SECCION(ID_SECCION) VALUES (868);
INSERT INTO SECCION(ID_SECCION) VALUES (869);
INSERT INTO SECCION(ID_SECCION) VALUES (870);
INSERT INTO SECCION(ID_SECCION) VALUES (871);
INSERT INTO SECCION(ID_SECCION) VALUES (872);
INSERT INTO SECCION(ID_SECCION) VALUES (873);
INSERT INTO SECCION(ID_SECCION) VALUES (874);
INSERT INTO SECCION(ID_SECCION) VALUES (875);
INSERT INTO SECCION(ID_SECCION) VALUES (876);
INSERT INTO SECCION(ID_SECCION) VALUES (877);
INSERT INTO SECCION(ID_SECCION) VALUES (878);
INSERT INTO SECCION(ID_SECCION) VALUES (879);
INSERT INTO SECCION(ID_SECCION) VALUES (880);
INSERT INTO SECCION(ID_SECCION) VALUES (881);
INSERT INTO SECCION(ID_SECCION) VALUES (882);
INSERT INTO SECCION(ID_SECCION) VALUES (883);
INSERT INTO SECCION(ID_SECCION) VALUES (884);
INSERT INTO SECCION(ID_SECCION) VALUES (885);
INSERT INTO SECCION(ID_SECCION) VALUES (886);
INSERT INTO SECCION(ID_SECCION) VALUES (887);
INSERT INTO SECCION(ID_SECCION) VALUES (888);
INSERT INTO SECCION(ID_SECCION) VALUES (889);
INSERT INTO SECCION(ID_SECCION) VALUES (890);
INSERT INTO SECCION(ID_SECCION) VALUES (891);
INSERT INTO SECCION(ID_SECCION) VALUES (892);
INSERT INTO SECCION(ID_SECCION) VALUES (893);
INSERT INTO SECCION(ID_SECCION) VALUES (894);
INSERT INTO SECCION(ID_SECCION) VALUES (895);
INSERT INTO SECCION(ID_SECCION) VALUES (896);
INSERT INTO SECCION(ID_SECCION) VALUES (897);
INSERT INTO SECCION(ID_SECCION) VALUES (898);
INSERT INTO SECCION(ID_SECCION) VALUES (899);
INSERT INTO SECCION(ID_SECCION) VALUES (900);
INSERT INTO SECCION(ID_SECCION) VALUES (901);
INSERT INTO SECCION(ID_SECCION) VALUES (902);
INSERT INTO SECCION(ID_SECCION) VALUES (903);
INSERT INTO SECCION(ID_SECCION) VALUES (904);
INSERT INTO SECCION(ID_SECCION) VALUES (905);
INSERT INTO SECCION(ID_SECCION) VALUES (906);
INSERT INTO SECCION(ID_SECCION) VALUES (907);
INSERT INTO SECCION(ID_SECCION) VALUES (908);
INSERT INTO SECCION(ID_SECCION) VALUES (909);
INSERT INTO SECCION(ID_SECCION) VALUES (910);
INSERT INTO SECCION(ID_SECCION) VALUES (911);
INSERT INTO SECCION(ID_SECCION) VALUES (912);
INSERT INTO SECCION(ID_SECCION) VALUES (913);
INSERT INTO SECCION(ID_SECCION) VALUES (914);
INSERT INTO SECCION(ID_SECCION) VALUES (915);
INSERT INTO SECCION(ID_SECCION) VALUES (916);
INSERT INTO SECCION(ID_SECCION) VALUES (917);
INSERT INTO SECCION(ID_SECCION) VALUES (918);
INSERT INTO SECCION(ID_SECCION) VALUES (919);
INSERT INTO SECCION(ID_SECCION) VALUES (920);
INSERT INTO SECCION(ID_SECCION) VALUES (921);
INSERT INTO SECCION(ID_SECCION) VALUES (922);
INSERT INTO SECCION(ID_SECCION) VALUES (923);
INSERT INTO SECCION(ID_SECCION) VALUES (924);
INSERT INTO SECCION(ID_SECCION) VALUES (925);
INSERT INTO SECCION(ID_SECCION) VALUES (926);
INSERT INTO SECCION(ID_SECCION) VALUES (927);
INSERT INTO SECCION(ID_SECCION) VALUES (928);
INSERT INTO SECCION(ID_SECCION) VALUES (929);
INSERT INTO SECCION(ID_SECCION) VALUES (930);
INSERT INTO SECCION(ID_SECCION) VALUES (931);
INSERT INTO SECCION(ID_SECCION) VALUES (932);
INSERT INTO SECCION(ID_SECCION) VALUES (933);
INSERT INTO SECCION(ID_SECCION) VALUES (934);
INSERT INTO SECCION(ID_SECCION) VALUES (935);
INSERT INTO SECCION(ID_SECCION) VALUES (936);
INSERT INTO SECCION(ID_SECCION) VALUES (937);
INSERT INTO SECCION(ID_SECCION) VALUES (938);
INSERT INTO SECCION(ID_SECCION) VALUES (939);
INSERT INTO SECCION(ID_SECCION) VALUES (940);
INSERT INTO SECCION(ID_SECCION) VALUES (941);
INSERT INTO SECCION(ID_SECCION) VALUES (942);
INSERT INTO SECCION(ID_SECCION) VALUES (943);
INSERT INTO SECCION(ID_SECCION) VALUES (944);
INSERT INTO SECCION(ID_SECCION) VALUES (945);
INSERT INTO SECCION(ID_SECCION) VALUES (946);
INSERT INTO SECCION(ID_SECCION) VALUES (947);
INSERT INTO SECCION(ID_SECCION) VALUES (948);
INSERT INTO SECCION(ID_SECCION) VALUES (949);
INSERT INTO SECCION(ID_SECCION) VALUES (950);
INSERT INTO SECCION(ID_SECCION) VALUES (951);
INSERT INTO SECCION(ID_SECCION) VALUES (952);
INSERT INTO SECCION(ID_SECCION) VALUES (953);
INSERT INTO SECCION(ID_SECCION) VALUES (954);
INSERT INTO SECCION(ID_SECCION) VALUES (955);
INSERT INTO SECCION(ID_SECCION) VALUES (956);
INSERT INTO SECCION(ID_SECCION) VALUES (957);
INSERT INTO SECCION(ID_SECCION) VALUES (958);
INSERT INTO SECCION(ID_SECCION) VALUES (959);
INSERT INTO SECCION(ID_SECCION) VALUES (960);
INSERT INTO SECCION(ID_SECCION) VALUES (961);
INSERT INTO SECCION(ID_SECCION) VALUES (962);
INSERT INTO SECCION(ID_SECCION) VALUES (963);
INSERT INTO SECCION(ID_SECCION) VALUES (964);
INSERT INTO SECCION(ID_SECCION) VALUES (965);
INSERT INTO SECCION(ID_SECCION) VALUES (966);
INSERT INTO SECCION(ID_SECCION) VALUES (967);
INSERT INTO SECCION(ID_SECCION) VALUES (968);
INSERT INTO SECCION(ID_SECCION) VALUES (969);
INSERT INTO SECCION(ID_SECCION) VALUES (970);
INSERT INTO SECCION(ID_SECCION) VALUES (971);
INSERT INTO SECCION(ID_SECCION) VALUES (972);
INSERT INTO SECCION(ID_SECCION) VALUES (973);
INSERT INTO SECCION(ID_SECCION) VALUES (974);
INSERT INTO SECCION(ID_SECCION) VALUES (975);
INSERT INTO SECCION(ID_SECCION) VALUES (976);
INSERT INTO SECCION(ID_SECCION) VALUES (977);
INSERT INTO SECCION(ID_SECCION) VALUES (978);
INSERT INTO SECCION(ID_SECCION) VALUES (979);
INSERT INTO SECCION(ID_SECCION) VALUES (980);
INSERT INTO SECCION(ID_SECCION) VALUES (981);
INSERT INTO SECCION(ID_SECCION) VALUES (982);
INSERT INTO SECCION(ID_SECCION) VALUES (983);
INSERT INTO SECCION(ID_SECCION) VALUES (984);
INSERT INTO SECCION(ID_SECCION) VALUES (985);
INSERT INTO SECCION(ID_SECCION) VALUES (986);
INSERT INTO SECCION(ID_SECCION) VALUES (987);
INSERT INTO SECCION(ID_SECCION) VALUES (988);
INSERT INTO SECCION(ID_SECCION) VALUES (989);
INSERT INTO SECCION(ID_SECCION) VALUES (990);
INSERT INTO SECCION(ID_SECCION) VALUES (991);
INSERT INTO SECCION(ID_SECCION) VALUES (992);
INSERT INTO SECCION(ID_SECCION) VALUES (993);
INSERT INTO SECCION(ID_SECCION) VALUES (994);
INSERT INTO SECCION(ID_SECCION) VALUES (995);
INSERT INTO SECCION(ID_SECCION) VALUES (996);
INSERT INTO SECCION(ID_SECCION) VALUES (997);
INSERT INTO SECCION(ID_SECCION) VALUES (998);
INSERT INTO SECCION(ID_SECCION) VALUES (999);
INSERT INTO SECCION(ID_SECCION) VALUES (1000);
INSERT INTO SECCION(ID_SECCION) VALUES (1001);
INSERT INTO SECCION(ID_SECCION) VALUES (1002);
INSERT INTO SECCION(ID_SECCION) VALUES (1003);
INSERT INTO SECCION(ID_SECCION) VALUES (1004);
INSERT INTO SECCION(ID_SECCION) VALUES (1005);
INSERT INTO SECCION(ID_SECCION) VALUES (1006);
INSERT INTO SECCION(ID_SECCION) VALUES (1007);
INSERT INTO SECCION(ID_SECCION) VALUES (1008);
INSERT INTO SECCION(ID_SECCION) VALUES (1009);
INSERT INTO SECCION(ID_SECCION) VALUES (1010);
INSERT INTO SECCION(ID_SECCION) VALUES (1011);
INSERT INTO SECCION(ID_SECCION) VALUES (1012);
INSERT INTO SECCION(ID_SECCION) VALUES (1013);
INSERT INTO SECCION(ID_SECCION) VALUES (1014);
INSERT INTO SECCION(ID_SECCION) VALUES (1015);
INSERT INTO SECCION(ID_SECCION) VALUES (1016);
INSERT INTO SECCION(ID_SECCION) VALUES (1017);
INSERT INTO SECCION(ID_SECCION) VALUES (1018);
INSERT INTO SECCION(ID_SECCION) VALUES (1019);
INSERT INTO SECCION(ID_SECCION) VALUES (1020);
INSERT INTO SECCION(ID_SECCION) VALUES (1021);
INSERT INTO SECCION(ID_SECCION) VALUES (1022);
INSERT INTO SECCION(ID_SECCION) VALUES (1023);
INSERT INTO SECCION(ID_SECCION) VALUES (1024);
INSERT INTO SECCION(ID_SECCION) VALUES (1025);
INSERT INTO SECCION(ID_SECCION) VALUES (1026);
INSERT INTO SECCION(ID_SECCION) VALUES (1027);
INSERT INTO SECCION(ID_SECCION) VALUES (1028);
INSERT INTO SECCION(ID_SECCION) VALUES (1029);
INSERT INTO SECCION(ID_SECCION) VALUES (1030);
INSERT INTO SECCION(ID_SECCION) VALUES (1031);
INSERT INTO SECCION(ID_SECCION) VALUES (1032);
INSERT INTO SECCION(ID_SECCION) VALUES (1033);
INSERT INTO SECCION(ID_SECCION) VALUES (1034);
INSERT INTO SECCION(ID_SECCION) VALUES (1035);
INSERT INTO SECCION(ID_SECCION) VALUES (1036);
INSERT INTO SECCION(ID_SECCION) VALUES (1037);
INSERT INTO SECCION(ID_SECCION) VALUES (1038);
INSERT INTO SECCION(ID_SECCION) VALUES (1039);
INSERT INTO SECCION(ID_SECCION) VALUES (1040);
INSERT INTO SECCION(ID_SECCION) VALUES (1041);
INSERT INTO SECCION(ID_SECCION) VALUES (1042);
INSERT INTO SECCION(ID_SECCION) VALUES (1043);
INSERT INTO SECCION(ID_SECCION) VALUES (1044);
INSERT INTO SECCION(ID_SECCION) VALUES (1045);
INSERT INTO SECCION(ID_SECCION) VALUES (1046);
INSERT INTO SECCION(ID_SECCION) VALUES (1047);
INSERT INTO SECCION(ID_SECCION) VALUES (1048);
INSERT INTO SECCION(ID_SECCION) VALUES (1049);
INSERT INTO SECCION(ID_SECCION) VALUES (1050);
INSERT INTO SECCION(ID_SECCION) VALUES (1051);
INSERT INTO SECCION(ID_SECCION) VALUES (1052);
INSERT INTO SECCION(ID_SECCION) VALUES (1053);
INSERT INTO SECCION(ID_SECCION) VALUES (1054);
INSERT INTO SECCION(ID_SECCION) VALUES (1055);
INSERT INTO SECCION(ID_SECCION) VALUES (1056);
INSERT INTO SECCION(ID_SECCION) VALUES (1057);
INSERT INTO SECCION(ID_SECCION) VALUES (1058);
INSERT INTO SECCION(ID_SECCION) VALUES (1059);
INSERT INTO SECCION(ID_SECCION) VALUES (1060);
INSERT INTO SECCION(ID_SECCION) VALUES (1061);
INSERT INTO SECCION(ID_SECCION) VALUES (1062);
INSERT INTO SECCION(ID_SECCION) VALUES (1063);
INSERT INTO SECCION(ID_SECCION) VALUES (1064);
INSERT INTO SECCION(ID_SECCION) VALUES (1065);
INSERT INTO SECCION(ID_SECCION) VALUES (1066);
INSERT INTO SECCION(ID_SECCION) VALUES (1067);
INSERT INTO SECCION(ID_SECCION) VALUES (1068);
INSERT INTO SECCION(ID_SECCION) VALUES (1069);
INSERT INTO SECCION(ID_SECCION) VALUES (1070);
INSERT INTO SECCION(ID_SECCION) VALUES (1071);
INSERT INTO SECCION(ID_SECCION) VALUES (1072);
INSERT INTO SECCION(ID_SECCION) VALUES (1073);
INSERT INTO SECCION(ID_SECCION) VALUES (1074);
INSERT INTO SECCION(ID_SECCION) VALUES (1075);
INSERT INTO SECCION(ID_SECCION) VALUES (1076);
INSERT INTO SECCION(ID_SECCION) VALUES (1077);
INSERT INTO SECCION(ID_SECCION) VALUES (1078);
INSERT INTO SECCION(ID_SECCION) VALUES (1079);
INSERT INTO SECCION(ID_SECCION) VALUES (1080);
INSERT INTO SECCION(ID_SECCION) VALUES (1081);
INSERT INTO SECCION(ID_SECCION) VALUES (1082);
INSERT INTO SECCION(ID_SECCION) VALUES (1083);
INSERT INTO SECCION(ID_SECCION) VALUES (1084);
INSERT INTO SECCION(ID_SECCION) VALUES (1085);
INSERT INTO SECCION(ID_SECCION) VALUES (1086);
INSERT INTO SECCION(ID_SECCION) VALUES (1087);
INSERT INTO SECCION(ID_SECCION) VALUES (1088);
INSERT INTO SECCION(ID_SECCION) VALUES (1089);
INSERT INTO SECCION(ID_SECCION) VALUES (1090);
INSERT INTO SECCION(ID_SECCION) VALUES (1091);
INSERT INTO SECCION(ID_SECCION) VALUES (1092);
INSERT INTO SECCION(ID_SECCION) VALUES (1093);
INSERT INTO SECCION(ID_SECCION) VALUES (1094);
INSERT INTO SECCION(ID_SECCION) VALUES (1095);
INSERT INTO SECCION(ID_SECCION) VALUES (1096);
INSERT INTO SECCION(ID_SECCION) VALUES (1097);
INSERT INTO SECCION(ID_SECCION) VALUES (1098);
INSERT INTO SECCION(ID_SECCION) VALUES (1099);

SELECT * FROM CICLO;
INSERT INTO CICLO(ID_CICLO) VALUES ('2020-0');
INSERT INTO CICLO(ID_CICLO) VALUES ('2020-1');
INSERT INTO CICLO(ID_CICLO) VALUES ('2020-2');
INSERT INTO CICLO(ID_CICLO) VALUES ('2021-0');
INSERT INTO CICLO(ID_CICLO) VALUES ('2021-1');
INSERT INTO CICLO(ID_CICLO) VALUES ('2021-2');
INSERT INTO CICLO(ID_CICLO) VALUES ('2022-0');
INSERT INTO CICLO(ID_CICLO) VALUES ('2022-1');
INSERT INTO CICLO(ID_CICLO) VALUES ('2022-2');
INSERT INTO CICLO(ID_CICLO) VALUES ('2023-0');
INSERT INTO CICLO(ID_CICLO) VALUES ('2023-1');
INSERT INTO CICLO(ID_CICLO) VALUES ('2023-2');

SELECT * FROM ALUMNOS;
INSERT INTO ALUMNOS(ID_ALUMNOS, NOMBRE_ALUMNO,ID_CARRERA) VALUES (20203864, 'Manuel Nazaret Zambrano Moran',11);
INSERT INTO ALUMNOS(ID_ALUMNOS, NOMBRE_ALUMNO,ID_CARRERA) VALUES (20191911, 'David Senyi Sen Prado',11);
INSERT INTO ALUMNOS(ID_ALUMNOS, NOMBRE_ALUMNO,ID_CARRERA) VALUES (20201684, 'Carlos Jesus Quiñones Costa',11);
INSERT INTO ALUMNOS(ID_ALUMNOS, NOMBRE_ALUMNO,ID_CARRERA) VALUES (20191152, 'Anthony Axel Lopez Trujillo',11);

SELECT * FROM CURSOS_ALUMNOS;
INSERT INTO CURSOS_ALUMNOS(ID_SECCION, ID_CICLO, ID_CURSOS_ALUMNOS, ID_ALUMNOS, COD_CURSO) VALUES (190, '2020-1',202016840001,20201684,6505);
INSERT INTO CURSOS_ALUMNOS(ID_SECCION, ID_CICLO, ID_CURSOS_ALUMNOS, ID_ALUMNOS, COD_CURSO) VALUES (202, '2020-1',202016840002,20201684,6510);
INSERT INTO CURSOS_ALUMNOS(ID_SECCION, ID_CICLO, ID_CURSOS_ALUMNOS, ID_ALUMNOS, COD_CURSO) VALUES (189, '2020-1',202016840003,20201684,6507);
INSERT INTO CURSOS_ALUMNOS(ID_SECCION, ID_CICLO, ID_CURSOS_ALUMNOS, ID_ALUMNOS, COD_CURSO) VALUES (197, '2020-1',202016840004,20201684,6382);
INSERT INTO CURSOS_ALUMNOS(ID_SECCION, ID_CICLO, ID_CURSOS_ALUMNOS, ID_ALUMNOS, COD_CURSO) VALUES (202, '2020-1',202016840005,20201684,6512);
INSERT INTO CURSOS_ALUMNOS(ID_SECCION, ID_CICLO, ID_CURSOS_ALUMNOS, ID_ALUMNOS, COD_CURSO) VALUES (213, '2020-2',202016840006,20201684,6384);
INSERT INTO CURSOS_ALUMNOS(ID_SECCION, ID_CICLO, ID_CURSOS_ALUMNOS, ID_ALUMNOS, COD_CURSO) VALUES (226, '2020-2',202016840007,20201684,6503);
INSERT INTO CURSOS_ALUMNOS(ID_SECCION, ID_CICLO, ID_CURSOS_ALUMNOS, ID_ALUMNOS, COD_CURSO) VALUES (302, '2020-2',202016840008,20201684,650003);
INSERT INTO CURSOS_ALUMNOS(ID_SECCION, ID_CICLO, ID_CURSOS_ALUMNOS, ID_ALUMNOS, COD_CURSO) VALUES (301, '2020-2',202016840009,20201684,5686);
INSERT INTO CURSOS_ALUMNOS(ID_SECCION, ID_CICLO, ID_CURSOS_ALUMNOS, ID_ALUMNOS, COD_CURSO) VALUES (301, '2020-2',202016840010,20201684,650001);
INSERT INTO CURSOS_ALUMNOS(ID_SECCION, ID_CICLO, ID_CURSOS_ALUMNOS, ID_ALUMNOS, COD_CURSO) VALUES (302, '2021-0',202016840011,20201684,650002);
INSERT INTO CURSOS_ALUMNOS(ID_SECCION, ID_CICLO, ID_CURSOS_ALUMNOS, ID_ALUMNOS, COD_CURSO) VALUES (310, '2021-1',202016840012,20201684,650004);
INSERT INTO CURSOS_ALUMNOS(ID_SECCION, ID_CICLO, ID_CURSOS_ALUMNOS, ID_ALUMNOS, COD_CURSO) VALUES (306, '2021-1',202016840013,20201684,1459);
INSERT INTO CURSOS_ALUMNOS(ID_SECCION, ID_CICLO, ID_CURSOS_ALUMNOS, ID_ALUMNOS, COD_CURSO) VALUES (306, '2021-1',202016840014,20201684,1472);
INSERT INTO CURSOS_ALUMNOS(ID_SECCION, ID_CICLO, ID_CURSOS_ALUMNOS, ID_ALUMNOS, COD_CURSO) VALUES (405, '2021-1',202016840015,20201684,4380);
INSERT INTO CURSOS_ALUMNOS(ID_SECCION, ID_CICLO, ID_CURSOS_ALUMNOS, ID_ALUMNOS, COD_CURSO) VALUES (401, '2021-1',202016840016,20201684,650005);
INSERT INTO CURSOS_ALUMNOS(ID_SECCION, ID_CICLO, ID_CURSOS_ALUMNOS, ID_ALUMNOS, COD_CURSO) VALUES (420, '2021-2',202016840017,20201684,1460);
INSERT INTO CURSOS_ALUMNOS(ID_SECCION, ID_CICLO, ID_CURSOS_ALUMNOS, ID_ALUMNOS, COD_CURSO) VALUES (401, '2021-2',202016840018,20201684,1465);
INSERT INTO CURSOS_ALUMNOS(ID_SECCION, ID_CICLO, ID_CURSOS_ALUMNOS, ID_ALUMNOS, COD_CURSO) VALUES (401, '2021-2',202016840019,20201684,650007);
INSERT INTO CURSOS_ALUMNOS(ID_SECCION, ID_CICLO, ID_CURSOS_ALUMNOS, ID_ALUMNOS, COD_CURSO) VALUES (401, '2021-2',202016840020,20201684,5644);
INSERT INTO CURSOS_ALUMNOS(ID_SECCION, ID_CICLO, ID_CURSOS_ALUMNOS, ID_ALUMNOS, COD_CURSO) VALUES (415, '2021-2',202016840021,20201684,650006);
INSERT INTO CURSOS_ALUMNOS(ID_SECCION, ID_CICLO, ID_CURSOS_ALUMNOS, ID_ALUMNOS, COD_CURSO) VALUES (510, '2022-1',202016840022,20201684,1419);
INSERT INTO CURSOS_ALUMNOS(ID_SECCION, ID_CICLO, ID_CURSOS_ALUMNOS, ID_ALUMNOS, COD_CURSO) VALUES (520, '2022-1',202016840023,20201684,5623);
INSERT INTO CURSOS_ALUMNOS(ID_SECCION, ID_CICLO, ID_CURSOS_ALUMNOS, ID_ALUMNOS, COD_CURSO) VALUES (517, '2022-1',202016840024,20201684,650009);
INSERT INTO CURSOS_ALUMNOS(ID_SECCION, ID_CICLO, ID_CURSOS_ALUMNOS, ID_ALUMNOS, COD_CURSO) VALUES (515, '2022-1',202016840025,20201684,1492);
INSERT INTO CURSOS_ALUMNOS(ID_SECCION, ID_CICLO, ID_CURSOS_ALUMNOS, ID_ALUMNOS, COD_CURSO) VALUES (510, '2022-1',202016840026,20201684,650052);
INSERT INTO CURSOS_ALUMNOS(ID_SECCION, ID_CICLO, ID_CURSOS_ALUMNOS, ID_ALUMNOS, COD_CURSO) VALUES (510, '2022-1',202016840027,20201684,650008);
INSERT INTO CURSOS_ALUMNOS(ID_SECCION, ID_CICLO, ID_CURSOS_ALUMNOS, ID_ALUMNOS, COD_CURSO) VALUES (501, '2022-2',202016840028,20201684,650010);
INSERT INTO CURSOS_ALUMNOS(ID_SECCION, ID_CICLO, ID_CURSOS_ALUMNOS, ID_ALUMNOS, COD_CURSO) VALUES (504, '2022-2',202016840029,20201684,650011);
INSERT INTO CURSOS_ALUMNOS(ID_SECCION, ID_CICLO, ID_CURSOS_ALUMNOS, ID_ALUMNOS, COD_CURSO) VALUES (613, '2022-2',202016840030,20201684,1506);
INSERT INTO CURSOS_ALUMNOS(ID_SECCION, ID_CICLO, ID_CURSOS_ALUMNOS, ID_ALUMNOS, COD_CURSO) VALUES (603, '2022-2',202016840031,20201684,650013);
INSERT INTO CURSOS_ALUMNOS(ID_SECCION, ID_CICLO, ID_CURSOS_ALUMNOS, ID_ALUMNOS, COD_CURSO) VALUES (601, '2022-2',202016840032,20201684,650014);
INSERT INTO CURSOS_ALUMNOS(ID_SECCION, ID_CICLO, ID_CURSOS_ALUMNOS, ID_ALUMNOS, COD_CURSO) VALUES (601, '2022-2',202016840033,20201684,650015);
INSERT INTO CURSOS_ALUMNOS(ID_SECCION, ID_CICLO, ID_CURSOS_ALUMNOS, ID_ALUMNOS, COD_CURSO) VALUES (602, '2023-1',202016840034,20201684,650016);
INSERT INTO CURSOS_ALUMNOS(ID_SECCION, ID_CICLO, ID_CURSOS_ALUMNOS, ID_ALUMNOS, COD_CURSO) VALUES (601, '2023-1',202016840035,20201684,1420);
INSERT INTO CURSOS_ALUMNOS(ID_SECCION, ID_CICLO, ID_CURSOS_ALUMNOS, ID_ALUMNOS, COD_CURSO) VALUES (701, '2023-1',202016840036,20201684,650022);
INSERT INTO CURSOS_ALUMNOS(ID_SECCION, ID_CICLO, ID_CURSOS_ALUMNOS, ID_ALUMNOS, COD_CURSO) VALUES (702, '2023-1',202016840037,20201684,650018);

INSERT INTO CURSOS_ALUMNOS(ID_SECCION, ID_CICLO, ID_CURSOS_ALUMNOS, ID_ALUMNOS, COD_CURSO) VALUES (422, '2023-1',202038640001,20203864,1460);
INSERT INTO CURSOS_ALUMNOS(ID_SECCION, ID_CICLO, ID_CURSOS_ALUMNOS, ID_ALUMNOS, COD_CURSO) VALUES (506, '2023-1',202038640002,20203864,650052);
INSERT INTO CURSOS_ALUMNOS(ID_SECCION, ID_CICLO, ID_CURSOS_ALUMNOS, ID_ALUMNOS, COD_CURSO) VALUES (601, '2023-1',202038640003,20203864,1420);
INSERT INTO CURSOS_ALUMNOS(ID_SECCION, ID_CICLO, ID_CURSOS_ALUMNOS, ID_ALUMNOS, COD_CURSO) VALUES (603, '2023-1',202038640004,20203864,650014);


SELECT * FROM PROF_CURSOS;
INSERT INTO PROF_CURSOS(ID_PROF_CURSOS, COD_PROFESOR, COD_CURSO) VALUES (10000930001, 1000093, 650014);
INSERT INTO PROF_CURSOS(ID_PROF_CURSOS, COD_PROFESOR, COD_CURSO) VALUES (10000930002, 1000093, 1492);
