SELECT * FROM FACULTAD;
INSERT INTO FACULTAD (ID_FACULTAD, NOMBRE_FACULTAD) VALUES ('FEG', 'Estudios Generales');
INSERT INTO FACULTAD (ID_FACULTAD, NOMBRE_FACULTAD) VALUES ('FA', 'Arquitectura');
INSERT INTO FACULTAD (ID_FACULTAD, NOMBRE_FACULTAD) VALUES ('FCEE', 'Ciencias Empresariales y Económicas');
INSERT INTO FACULTAD (ID_FACULTAD, NOMBRE_FACULTAD) VALUES ('FC', 'Comunicación');
INSERT INTO FACULTAD (ID_FACULTAD, NOMBRE_FACULTAD) VALUES ('FD', 'Derecho');
INSERT INTO FACULTAD (ID_FACULTAD, NOMBRE_FACULTAD) VALUES ('FI', 'Ingeniería');
INSERT INTO FACULTAD (ID_FACULTAD, NOMBRE_FACULTAD) VALUES ('FP', 'Psicología');

SELECT * FROM CARRERA;
INSERT INTO CARRERA (ID_CARRERA, NOMBRE_CARRERA, ID_FACULTAD) VALUES (1, 'Arquitectura', 'FA');
INSERT INTO CARRERA (ID_CARRERA, NOMBRE_CARRERA, ID_FACULTAD) VALUES (2, 'Administración', 'FCEE');
INSERT INTO CARRERA (ID_CARRERA, NOMBRE_CARRERA, ID_FACULTAD) VALUES (3, 'Contabilidad', 'FCEE');
INSERT INTO CARRERA (ID_CARRERA, NOMBRE_CARRERA, ID_FACULTAD) VALUES (4, 'Economía', 'FCEE');
INSERT INTO CARRERA (ID_CARRERA, NOMBRE_CARRERA, ID_FACULTAD) VALUES (5, 'Marketing', 'FCEE');
INSERT INTO CARRERA (ID_CARRERA, NOMBRE_CARRERA, ID_FACULTAD) VALUES (6, 'Negocios Internacionales', 'FCEE');
INSERT INTO CARRERA (ID_CARRERA, NOMBRE_CARRERA, ID_FACULTAD) VALUES (7, 'Comunicación', 'FC');
INSERT INTO CARRERA (ID_CARRERA, NOMBRE_CARRERA, ID_FACULTAD) VALUES (8, 'Derecho', 'FD');
INSERT INTO CARRERA (ID_CARRERA, NOMBRE_CARRERA, ID_FACULTAD) VALUES (9, 'Ingeniería Civil', 'FI');
INSERT INTO CARRERA (ID_CARRERA, NOMBRE_CARRERA, ID_FACULTAD) VALUES (10, 'Ingeniería Industrial', 'FI');
INSERT INTO CARRERA (ID_CARRERA, NOMBRE_CARRERA, ID_FACULTAD) VALUES (11, 'Ingeniería de Sistemas', 'FI');
INSERT INTO CARRERA (ID_CARRERA, NOMBRE_CARRERA, ID_FACULTAD) VALUES (12, 'Psicología', 'FP');

SELECT * FROM ESTUDIANTE;
INSERT INTO ESTUDIANTE(COD_ESTUDIANTE, NOMBRE_ESTUDIANTE,APELLIDOP_ESTUDIANTE,APELLIDOM_ESTUDIANTE,ID_CARRERA) VALUES (20203864, 'Manuel Nazaret','Zambrano','Moran',11);
INSERT INTO ESTUDIANTE(COD_ESTUDIANTE, NOMBRE_ESTUDIANTE,APELLIDOP_ESTUDIANTE,APELLIDOM_ESTUDIANTE,ID_CARRERA) VALUES (20191911, 'David Senyi','Sen','Prado',11);
INSERT INTO ESTUDIANTE(COD_ESTUDIANTE, NOMBRE_ESTUDIANTE,APELLIDOP_ESTUDIANTE,APELLIDOM_ESTUDIANTE,ID_CARRERA) VALUES (20201684, 'Carlos Jesus','Quiñones','Costa',11);
INSERT INTO ESTUDIANTE(COD_ESTUDIANTE, NOMBRE_ESTUDIANTE,APELLIDOP_ESTUDIANTE,APELLIDOM_ESTUDIANTE,ID_CARRERA) VALUES (20191152, 'Anthony Axel','Lopez','Trujillo',11);

SELECT * FROM PLAN_ESTUDIOS;
INSERT INTO PLAN_ESTUDIOS(ID_PLAN, NOMBRE_PLAN) VALUES ('PLARQ', 'Plan de Estudios de Arquitectura');
INSERT INTO PLAN_ESTUDIOS(ID_PLAN, NOMBRE_PLAN) VALUES ('PLADM', 'Plan de Estudios de Administración');
INSERT INTO PLAN_ESTUDIOS(ID_PLAN, NOMBRE_PLAN) VALUES ('PLCON', 'Plan de Estudios de Contabilidad');
INSERT INTO PLAN_ESTUDIOS(ID_PLAN, NOMBRE_PLAN) VALUES ('PLECO', 'Plan de Estudios de Economía');
INSERT INTO PLAN_ESTUDIOS(ID_PLAN, NOMBRE_PLAN) VALUES ('PLMARK', 'Plan de Estudios de Marketing');
INSERT INTO PLAN_ESTUDIOS(ID_PLAN, NOMBRE_PLAN) VALUES ('PLNI', 'Plan de Estudios de Negocios Internacionales');
INSERT INTO PLAN_ESTUDIOS(ID_PLAN, NOMBRE_PLAN) VALUES ('PLCOM', 'Plan de Estudios de Comunicación');
INSERT INTO PLAN_ESTUDIOS(ID_PLAN, NOMBRE_PLAN) VALUES ('PLDER', 'Plan de Estudios de Derecho');
INSERT INTO PLAN_ESTUDIOS(ID_PLAN, NOMBRE_PLAN) VALUES ('PLIC', 'Plan de Estudios de Ingeniería Civíl');
INSERT INTO PLAN_ESTUDIOS(ID_PLAN, NOMBRE_PLAN) VALUES ('PLII', 'Plan de Estudios de Ingeniería Industrial');
INSERT INTO PLAN_ESTUDIOS(ID_PLAN, NOMBRE_PLAN) VALUES ('PLIS', 'Plan de Estudios de Ingeniería de Sistemas');
INSERT INTO PLAN_ESTUDIOS(ID_PLAN, NOMBRE_PLAN) VALUES ('PLPSI', 'Plan de Estudios de Psicología');

SELECT * FROM CARACTER;
INSERT INTO CARACTER(CARACTER) VALUES ('O');
INSERT INTO CARACTER(CARACTER) VALUES ('E');

SELECT * FROM NIVEL;
INSERT INTO NIVEL(NIVEL) VALUES (1);
INSERT INTO NIVEL(NIVEL) VALUES (2);
INSERT INTO NIVEL(NIVEL) VALUES (3);
INSERT INTO NIVEL(NIVEL) VALUES (4);
INSERT INTO NIVEL(NIVEL) VALUES (5);
INSERT INTO NIVEL(NIVEL) VALUES (6);
INSERT INTO NIVEL(NIVEL) VALUES (7);
INSERT INTO NIVEL(NIVEL) VALUES (8);
INSERT INTO NIVEL(NIVEL) VALUES (9);
INSERT INTO NIVEL(NIVEL) VALUES (10);

SELECT * FROM CURSOS;
INSERT INTO CURSOS (COD_CURSO, NOMBRE_CURSO,CREDITOS,ID_PLAN,COD_CURSO1,COD_CURSO2,CARACTER,NIVEL) VALUES (6506, 'LENGUAJE Y COMUNICACIÓN I',5,'PLIS',NULL,NULL,'O',1);
INSERT INTO CURSOS (COD_CURSO, NOMBRE_CURSO,CREDITOS,ID_PLAN,COD_CURSO1,COD_CURSO2,CARACTER,NIVEL) VALUES (6505, 'DESARROLLO PERSONAL Y SOCIAL',3,'PLIS',NULL,NULL,'O',1);
INSERT INTO CURSOS (COD_CURSO, NOMBRE_CURSO,CREDITOS,ID_PLAN,COD_CURSO1,COD_CURSO2,CARACTER,NIVEL) VALUES (6507, 'GLOBALIZACIÓN Y REALIDAD NACIÓNAL',3,'PLIS',NULL,NULL,'O',1);
INSERT INTO CURSOS (COD_CURSO, NOMBRE_CURSO,CREDITOS,ID_PLAN,COD_CURSO1,COD_CURSO2,CARACTER,NIVEL) VALUES (6508, 'METODOLOGÍAS DE INVESTIGACIÓN',3,'PLIS',NULL,NULL,'O',1);
INSERT INTO CURSOS (COD_CURSO, NOMBRE_CURSO,CREDITOS,ID_PLAN,COD_CURSO1,COD_CURSO2,CARACTER,NIVEL) VALUES (6382, 'MATEMÁTICA BÁSICA',5,'PLIS',NULL,NULL,'O',1);
INSERT INTO CURSOS (COD_CURSO, NOMBRE_CURSO,CREDITOS,ID_PLAN,COD_CURSO1,COD_CURSO2,CARACTER,NIVEL) VALUES (510002, 'ÉTICA CIVICA',1,'PLIS',NULL,NULL,'O',1);
INSERT INTO CURSOS (COD_CURSO, NOMBRE_CURSO,CREDITOS,ID_PLAN,COD_CURSO1,COD_CURSO2,CARACTER,NIVEL) VALUES (6511, 'LENGUAJE Y COMUNICACIÓN II',3,'PLIS',6506,NULL,'O',2);
INSERT INTO CURSOS (COD_CURSO, NOMBRE_CURSO,CREDITOS,ID_PLAN,COD_CURSO1,COD_CURSO2,CARACTER,NIVEL) VALUES (6512, 'PROCESOS SOCIALES Y POLÍTICOS',3,'PLIS',NULL,NULL,'O',2);
INSERT INTO CURSOS (COD_CURSO, NOMBRE_CURSO,CREDITOS,ID_PLAN,COD_CURSO1,COD_CURSO2,CARACTER,NIVEL) VALUES (6513, 'TEMAS DE FILOSOFÍA',3,'PLIS',NULL,NULL,'O',2);
INSERT INTO CURSOS (COD_CURSO, NOMBRE_CURSO,CREDITOS,ID_PLAN,COD_CURSO1,COD_CURSO2,CARACTER,NIVEL) VALUES (6510, 'ECONOMÍA Y EMPRESA',3,'PLIS',NULL,NULL,'O',2);
INSERT INTO CURSOS (COD_CURSO, NOMBRE_CURSO,CREDITOS,ID_PLAN,COD_CURSO1,COD_CURSO2,CARACTER,NIVEL) VALUES (6384, 'ÁLGEBRA LINEAL',3,'PLIS',6382,NULL,'O',2);
INSERT INTO CURSOS (COD_CURSO, NOMBRE_CURSO,CREDITOS,ID_PLAN,COD_CURSO1,COD_CURSO2,CARACTER,NIVEL) VALUES (6503, 'CÁLCULO I',5,'PLIS',6382,NULL,'O',2);
INSERT INTO CURSOS (COD_CURSO, NOMBRE_CURSO,CREDITOS,ID_PLAN,COD_CURSO1,COD_CURSO2,CARACTER,NIVEL) VALUES (1459, 'CÁLCULO II',4,'PLIS',6503,6384,'O',3);
INSERT INTO CURSOS (COD_CURSO, NOMBRE_CURSO,CREDITOS,ID_PLAN,COD_CURSO1,COD_CURSO2,CARACTER,NIVEL) VALUES (1472, 'FÍSICA I',4,'PLIS',6503,NULL,'O',3);
INSERT INTO CURSOS (COD_CURSO, NOMBRE_CURSO,CREDITOS,ID_PLAN,COD_CURSO1,COD_CURSO2,CARACTER,NIVEL) VALUES (650001, 'INFORMÁTICA PARA LA GESTIÓN',3,'PLIS',NULL,NULL,'O',3);
INSERT INTO CURSOS (COD_CURSO, NOMBRE_CURSO,CREDITOS,ID_PLAN,COD_CURSO1,COD_CURSO2,CARACTER,NIVEL) VALUES (650002, 'INTRODUCCIÓN A LA PROGRAMACIÓN',3,'PLIS',6384,NULL,'O',3);
INSERT INTO CURSOS (COD_CURSO, NOMBRE_CURSO,CREDITOS,ID_PLAN,COD_CURSO1,COD_CURSO2,CARACTER,NIVEL) VALUES (5686, 'FUNDAMENTOS DE INGENIERÍA DE SISTEMAS',2,'PLIS',NULL,NULL,'O',3);
INSERT INTO CURSOS (COD_CURSO, NOMBRE_CURSO,CREDITOS,ID_PLAN,COD_CURSO1,COD_CURSO2,CARACTER,NIVEL) VALUES (650003, 'ESTRUCTURAS DISCRETAS DE COMPUTACIÓN',2,'PLIS',NULL,NULL,'O',3);
INSERT INTO CURSOS (COD_CURSO, NOMBRE_CURSO,CREDITOS,ID_PLAN,COD_CURSO1,COD_CURSO2,CARACTER,NIVEL) VALUES (650004, 'ARQUITECTURA DE COMPUTADORAS',3,'PLIS',NULL,NULL,'O',3);
INSERT INTO CURSOS (COD_CURSO, NOMBRE_CURSO,CREDITOS,ID_PLAN,COD_CURSO1,COD_CURSO2,CARACTER,NIVEL) VALUES (1460, 'CÁLCULO III',4,'PLIS',1459,NULL,'O',4);
INSERT INTO CURSOS (COD_CURSO, NOMBRE_CURSO,CREDITOS,ID_PLAN,COD_CURSO1,COD_CURSO2,CARACTER,NIVEL) VALUES (560020, 'ESTADÍSTICA Y PROBABILIDAD',3,'PLIS',6503,NULL,'O',4);
INSERT INTO CURSOS (COD_CURSO, NOMBRE_CURSO,CREDITOS,ID_PLAN,COD_CURSO1,COD_CURSO2,CARACTER,NIVEL) VALUES (5644, 'ORGANIZACIÓN DE EMPRESAS / BUSINESS ORGANIZATION',3,'PLIS',6510,NULL,'O',4);
INSERT INTO CURSOS (COD_CURSO, NOMBRE_CURSO,CREDITOS,ID_PLAN,COD_CURSO1,COD_CURSO2,CARACTER,NIVEL) VALUES (4380, 'GESTIÓN CONTABLE',2,'PLIS',650001,NULL,'O',4);
INSERT INTO CURSOS (COD_CURSO, NOMBRE_CURSO,CREDITOS,ID_PLAN,COD_CURSO1,COD_CURSO2,CARACTER,NIVEL) VALUES (650005, 'PROGRAMACIÓN ORIENTADA A OBJETOS',3,'PLIS',650002,650003,'O',4);
INSERT INTO CURSOS (COD_CURSO, NOMBRE_CURSO,CREDITOS,ID_PLAN,COD_CURSO1,COD_CURSO2,CARACTER,NIVEL) VALUES (650006, 'SISTEMAS OPERATIVOS',4,'PLIS',650004,NULL,'O',4);
INSERT INTO CURSOS (COD_CURSO, NOMBRE_CURSO,CREDITOS,ID_PLAN,COD_CURSO1,COD_CURSO2,CARACTER,NIVEL) VALUES (650007, 'FUNDAMENTOS DE ELECTRICIDAD Y ELECTRÓNICA',3,'PLIS',1472,NULL,'O',4);
INSERT INTO CURSOS (COD_CURSO, NOMBRE_CURSO,CREDITOS,ID_PLAN,COD_CURSO1,COD_CURSO2,CARACTER,NIVEL) VALUES (650052, 'ESTADÍSTICA APLICADA',3,'PLIS',560020,650001,'O',5);
INSERT INTO CURSOS (COD_CURSO, NOMBRE_CURSO,CREDITOS,ID_PLAN,COD_CURSO1,COD_CURSO2,CARACTER,NIVEL) VALUES (5623, 'COSTEO DE OPERACIÓNES',2,'PLIS',4380,NULL,'O',5);
INSERT INTO CURSOS (COD_CURSO, NOMBRE_CURSO,CREDITOS,ID_PLAN,COD_CURSO1,COD_CURSO2,CARACTER,NIVEL) VALUES (650008, 'MODELACIÓN E INTEGRACIÓN DE SISTEMAS',3,'PLIS',5686,NULL,'O',5);
INSERT INTO CURSOS (COD_CURSO, NOMBRE_CURSO,CREDITOS,ID_PLAN,COD_CURSO1,COD_CURSO2,CARACTER,NIVEL) VALUES (1492, 'ESTRUCTURAS DE DATOS Y ALGORITMOS',3,'PLIS',650005,NULL,'O',5);
INSERT INTO CURSOS (COD_CURSO, NOMBRE_CURSO,CREDITOS,ID_PLAN,COD_CURSO1,COD_CURSO2,CARACTER,NIVEL) VALUES (650009, 'DESARROLLO DE COMPETENCIAS GERENCIALES',3,'PLIS',5686,NULL,'O',5);
INSERT INTO CURSOS (COD_CURSO, NOMBRE_CURSO,CREDITOS,ID_PLAN,COD_CURSO1,COD_CURSO2,CARACTER,NIVEL) VALUES (650010, 'INGENIERÍA DE PROCESOS DE NEGOCIO',3,'PLIS',5644,NULL,'O',5);
INSERT INTO CURSOS (COD_CURSO, NOMBRE_CURSO,CREDITOS,ID_PLAN,COD_CURSO1,COD_CURSO2,CARACTER,NIVEL) VALUES (1419, 'COMUNICACIÓN DE DATOS',3,'PLIS',650006,650007,'O',5);
INSERT INTO CURSOS (COD_CURSO, NOMBRE_CURSO,CREDITOS,ID_PLAN,COD_CURSO1,COD_CURSO2,CARACTER,NIVEL) VALUES (650011, 'INTERACCIÓN HUMANO COMPUTADORA / HUMAN COMPUTER INTERACTION',3,'PLIS',650005,NULL,'E',5);
INSERT INTO CURSOS (COD_CURSO, NOMBRE_CURSO,CREDITOS,ID_PLAN,COD_CURSO1,COD_CURSO2,CARACTER,NIVEL) VALUES (650012, 'INTERNET DE LAS COSAS / INTERNET OF THINGS',3,'PLIS',650007,NULL,'E',5);
INSERT INTO CURSOS (COD_CURSO, NOMBRE_CURSO,CREDITOS,ID_PLAN,COD_CURSO1,COD_CURSO2,CARACTER,NIVEL) VALUES (1506, 'INVESTIGACIÓN DE OPERACIONES I',3,'PLIS',1460,650052,'O',6);
INSERT INTO CURSOS (COD_CURSO, NOMBRE_CURSO,CREDITOS,ID_PLAN,COD_CURSO1,COD_CURSO2,CARACTER,NIVEL) VALUES (650013, 'LEGISLACIÓN Y ETICA',3,'PLIS',650009,NULL,'O',6);
INSERT INTO CURSOS (COD_CURSO, NOMBRE_CURSO,CREDITOS,ID_PLAN,COD_CURSO1,COD_CURSO2,CARACTER,NIVEL) VALUES (1420, 'INGENIERÍA DE DATOS',4,'PLIS',650010,1492,'O',6);
INSERT INTO CURSOS (COD_CURSO, NOMBRE_CURSO,CREDITOS,ID_PLAN,COD_CURSO1,COD_CURSO2,CARACTER,NIVEL) VALUES (650014, 'LENGUAJES DE PROGRAMACIÓN',3,'PLIS',1492,NULL,'O',6);
INSERT INTO CURSOS (COD_CURSO, NOMBRE_CURSO,CREDITOS,ID_PLAN,COD_CURSO1,COD_CURSO2,CARACTER,NIVEL) VALUES (650015, 'REDES DE COMPUTADORAS',4,'PLIS',1419,NULL,'O',6);
INSERT INTO CURSOS (COD_CURSO, NOMBRE_CURSO,CREDITOS,ID_PLAN,COD_CURSO1,COD_CURSO2,CARACTER,NIVEL) VALUES (650016, 'GESTIÓN FINANCIERA',3,'PLIS',5623,NULL,'O',6);
INSERT INTO CURSOS (COD_CURSO, NOMBRE_CURSO,CREDITOS,ID_PLAN,COD_CURSO1,COD_CURSO2,CARACTER,NIVEL) VALUES (650017, 'TALLER DE EMPRENDIMIENTO TECNOLÓGICO / STARTUP WORKSHOP',3,'PLIS',5623,NULL,'E',6);
INSERT INTO CURSOS (COD_CURSO, NOMBRE_CURSO,CREDITOS,ID_PLAN,COD_CURSO1,COD_CURSO2,CARACTER,NIVEL) VALUES (650018, 'SIMULACIÓN',3,'PLIS',1506,650008,'O',7);
INSERT INTO CURSOS (COD_CURSO, NOMBRE_CURSO,CREDITOS,ID_PLAN,COD_CURSO1,COD_CURSO2,CARACTER,NIVEL) VALUES (650019, 'GESTIÓN DE OPERACIONES',3,'PLIS',650016,NULL,'O',7);
INSERT INTO CURSOS (COD_CURSO, NOMBRE_CURSO,CREDITOS,ID_PLAN,COD_CURSO1,COD_CURSO2,CARACTER,NIVEL) VALUES (650020, 'EVALUACIÓN DE PROYECTOS DE SISTEMAS',3,'PLIS',650016,650013,'O',7);
INSERT INTO CURSOS (COD_CURSO, NOMBRE_CURSO,CREDITOS,ID_PLAN,COD_CURSO1,COD_CURSO2,CARACTER,NIVEL) VALUES (1523, 'SISTEMAS DE INTELIGENCIA EMPRESARIAL',3,'PLIS',1420,NULL,'O',7);
INSERT INTO CURSOS (COD_CURSO, NOMBRE_CURSO,CREDITOS,ID_PLAN,COD_CURSO1,COD_CURSO2,CARACTER,NIVEL) VALUES (650021, 'INGENIERÍA DE SOFTWARE I',3,'PLIS',1420,650014,'O',7);
INSERT INTO CURSOS (COD_CURSO, NOMBRE_CURSO,CREDITOS,ID_PLAN,COD_CURSO1,COD_CURSO2,CARACTER,NIVEL) VALUES (650022, 'PROGRAMACIÓN WEB',3,'PLIS',650014,NULL,'O',7);
INSERT INTO CURSOS (COD_CURSO, NOMBRE_CURSO,CREDITOS,ID_PLAN,COD_CURSO1,COD_CURSO2,CARACTER,NIVEL) VALUES (650023, 'ADMINISTRACIÓN DE BASE DE DATOS',4,'PLIS',1420,NULL,'E',7);
INSERT INTO CURSOS (COD_CURSO, NOMBRE_CURSO,CREDITOS,ID_PLAN,COD_CURSO1,COD_CURSO2,CARACTER,NIVEL) VALUES (650024, 'SEMINARIO DE REDES',4,'PLIS',650015,NULL,'E',7);
INSERT INTO CURSOS (COD_CURSO, NOMBRE_CURSO,CREDITOS,ID_PLAN,COD_CURSO1,COD_CURSO2,CARACTER,NIVEL) VALUES (650025, 'COMPUTACIÓN EN LA NUBE / CLOUD COMPUTING',3,'PLIS',1419,NULL,'E',7);
INSERT INTO CURSOS (COD_CURSO, NOMBRE_CURSO,CREDITOS,ID_PLAN,COD_CURSO1,COD_CURSO2,CARACTER,NIVEL) VALUES (650026, 'MARKETING DIGITAL',3,'PLIS',1523,NULL,'O',8);
INSERT INTO CURSOS (COD_CURSO, NOMBRE_CURSO,CREDITOS,ID_PLAN,COD_CURSO1,COD_CURSO2,CARACTER,NIVEL) VALUES (650027, 'GESTIÓN DE RIESGOS',3,'PLIS',650016,NULL,'O',8);
INSERT INTO CURSOS (COD_CURSO, NOMBRE_CURSO,CREDITOS,ID_PLAN,COD_CURSO1,COD_CURSO2,CARACTER,NIVEL) VALUES (650028, 'SISTEMAS ERP',3,'PLIS',650019,NULL,'O',8);
INSERT INTO CURSOS (COD_CURSO, NOMBRE_CURSO,CREDITOS,ID_PLAN,COD_CURSO1,COD_CURSO2,CARACTER,NIVEL) VALUES (1327, 'INGENIERÍA DE SOFTWARE II',4,'PLIS',650021,NULL,'O',8);
INSERT INTO CURSOS (COD_CURSO, NOMBRE_CURSO,CREDITOS,ID_PLAN,COD_CURSO1,COD_CURSO2,CARACTER,NIVEL) VALUES (650029, 'TALLER DE PROPUESTA DE INVESTIGACIÓN',3,'PLIS',650020,NULL,'O',8);
INSERT INTO CURSOS (COD_CURSO, NOMBRE_CURSO,CREDITOS,ID_PLAN,COD_CURSO1,COD_CURSO2,CARACTER,NIVEL) VALUES (650030, 'PROGRAMACIÓN MÓVIL',3,'PLIS',650022,NULL,'E',8);
INSERT INTO CURSOS (COD_CURSO, NOMBRE_CURSO,CREDITOS,ID_PLAN,COD_CURSO1,COD_CURSO2,CARACTER,NIVEL) VALUES (650031, 'APRENDIZAJE DE MÁQUINA / MACHINE LEARNING',3,'PLIS',650021,NULL,'E',8);
INSERT INTO CURSOS (COD_CURSO, NOMBRE_CURSO,CREDITOS,ID_PLAN,COD_CURSO1,COD_CURSO2,CARACTER,NIVEL) VALUES (1524, 'SISTEMAS DE SOPORTE DE DECISIONES',3,'PLIS',650018,NULL,'E',8);
INSERT INTO CURSOS (COD_CURSO, NOMBRE_CURSO,CREDITOS,ID_PLAN,COD_CURSO1,COD_CURSO2,CARACTER,NIVEL) VALUES (650032, 'ARQUITECTURA DEL DATA CENTER',4,'PLIS',650015,NULL,'E',8);
INSERT INTO CURSOS (COD_CURSO, NOMBRE_CURSO,CREDITOS,ID_PLAN,COD_CURSO1,COD_CURSO2,CARACTER,NIVEL) VALUES (650033, 'PLANEAMIENTO ESTRATÉGICO',3,'PLIS',650019,NULL,'O',9);
INSERT INTO CURSOS (COD_CURSO, NOMBRE_CURSO,CREDITOS,ID_PLAN,COD_CURSO1,COD_CURSO2,CARACTER,NIVEL) VALUES (5674, 'GESTIÓN DE PROYECTOS',3,'PLIS',650020,NULL,'O',9);
INSERT INTO CURSOS (COD_CURSO, NOMBRE_CURSO,CREDITOS,ID_PLAN,COD_CURSO1,COD_CURSO2,CARACTER,NIVEL) VALUES (650035, 'SEMINARIO DE INVESTIGACIÓN I',4,'PLIS',650029,NULL,'O',9);
INSERT INTO CURSOS (COD_CURSO, NOMBRE_CURSO,CREDITOS,ID_PLAN,COD_CURSO1,COD_CURSO2,CARACTER,NIVEL) VALUES (1433, 'GESTIÓN DE SERVICIOS DE TECNOLOGÍAS DE LA INFORMACIÓN',3,'PLIS',650019,NULL,'O',9);
INSERT INTO CURSOS (COD_CURSO, NOMBRE_CURSO,CREDITOS,ID_PLAN,COD_CURSO1,COD_CURSO2,CARACTER,NIVEL) VALUES (650036, 'ANALITICA PREDICTIVA DE DATOS',3,'PLIS',1523,NULL,'O',9);
INSERT INTO CURSOS (COD_CURSO, NOMBRE_CURSO,CREDITOS,ID_PLAN,COD_CURSO1,COD_CURSO2,CARACTER,NIVEL) VALUES (650037, 'ASEGURAMIENTO DE LA CALIDAD',3,'PLIS',650021,NULL,'E',9);
INSERT INTO CURSOS (COD_CURSO, NOMBRE_CURSO,CREDITOS,ID_PLAN,COD_CURSO1,COD_CURSO2,CARACTER,NIVEL) VALUES (650038, 'SISTEMAS AVANZADOS DE INFORMACIÓN',3,'PLIS',650028,NULL,'E',9);
INSERT INTO CURSOS (COD_CURSO, NOMBRE_CURSO,CREDITOS,ID_PLAN,COD_CURSO1,COD_CURSO2,CARACTER,NIVEL) VALUES (650048, 'ARQUITECTURA DE TECNOLOGÍAS DE LA INFORMACIÓN',4,'PLIS',650015,NULL,'E',9);
INSERT INTO CURSOS (COD_CURSO, NOMBRE_CURSO,CREDITOS,ID_PLAN,COD_CURSO1,COD_CURSO2,CARACTER,NIVEL) VALUES (650040, 'SEMINARIO DE INVESTIGACIÓN II',4,'PLIS',650035,NULL,'O',10);
INSERT INTO CURSOS (COD_CURSO, NOMBRE_CURSO,CREDITOS,ID_PLAN,COD_CURSO1,COD_CURSO2,CARACTER,NIVEL) VALUES (650041, 'SEGURIDAD DE SISTEMAS DE TECNOLOGÍAS DE INFORMACIÓN',3,'PLIS',650027,NULL,'O',10);
INSERT INTO CURSOS (COD_CURSO, NOMBRE_CURSO,CREDITOS,ID_PLAN,COD_CURSO1,COD_CURSO2,CARACTER,NIVEL) VALUES (650042, 'AUDITORIA Y CONTROL DE SISTEMAS',3,'PLIS',650027,NULL,'O',10);
INSERT INTO CURSOS (COD_CURSO, NOMBRE_CURSO,CREDITOS,ID_PLAN,COD_CURSO1,COD_CURSO2,CARACTER,NIVEL) VALUES (5679, 'GESTIÓN DEL CAPITAL HUMANO',3,'PLIS',650033,NULL,'E',10);
INSERT INTO CURSOS (COD_CURSO, NOMBRE_CURSO,CREDITOS,ID_PLAN,COD_CURSO1,COD_CURSO2,CARACTER,NIVEL) VALUES (650049, 'ARQUITECTURA DE SOFTWARE',4,'PLIS',1327,NULL,'E',10);
INSERT INTO CURSOS (COD_CURSO, NOMBRE_CURSO,CREDITOS,ID_PLAN,COD_CURSO1,COD_CURSO2,CARACTER,NIVEL) VALUES (650050, 'ARQUITECTURA EMPRESARIAL',4,'PLIS',650033,NULL,'E',10);
INSERT INTO CURSOS (COD_CURSO, NOMBRE_CURSO,CREDITOS,ID_PLAN,COD_CURSO1,COD_CURSO2,CARACTER,NIVEL) VALUES (650044, 'ANALÍTICA CON BIG DATA',3,'PLIS',650036,NULL,'E',10);
INSERT INTO CURSOS (COD_CURSO, NOMBRE_CURSO,CREDITOS,ID_PLAN,COD_CURSO1,COD_CURSO2,CARACTER,NIVEL) VALUES (650047, 'CIBERSEGURIDAD / CYBERSECURITY',3,'PLIS',1433,NULL,'E',10);
INSERT INTO CURSOS (COD_CURSO, NOMBRE_CURSO,CREDITOS,ID_PLAN,COD_CURSO1,COD_CURSO2,CARACTER,NIVEL) VALUES (650051, 'PROGRAMACIÓN DE VIDEOJUEGOS',5,'PLIS',1327,NULL,'E',10);




